classification_id,user_name,user_id,user_ip,workflow_id,workflow_name,workflow_version,created_at,gold_standard,expert,metadata,annotations,subject_data,subject_ids,value,Not Sure (public),Regular (public),Irregular (public),Total (public),Percent same as Matt,Irregular or regular only,Not Sure only,Percent (of sure) that disagreed with matt answer,One possible not sure way (Jasmine),One possible irregular way (Ian),One possible regular way (Mariola)
393167645,mvonkonrat,675706,de4ef4d0be2ca097a134,19282,Stem and Branching Patterns,17.51,2022-01-28 23:25:14 UTC,,,"{""source"":""api"",""session"":""4fe2ccb16c1217e64dbaecb9619c1a48acc860238c27ea7f4b00a6ad219badc2"",""viewport"":{""width"":1920,""height"":1007},""started_at"":""2022-01-28T23:17:43.750Z"",""user_agent"":""Mozilla/5.0 (X11; Linux x86_64) AppleWebKit/537.36 (KHTML, like Gecko) Chrome/97.0.4692.71 Safari/537.36"",""utc_offset"":""21600"",""finished_at"":""2022-01-28T23:25:13.974Z"",""live_project"":true,""interventions"":{""opt_in"":true,""messageShown"":false},""user_language"":""en"",""user_group_ids"":[2274058,2219593],""subject_dimensions"":[{""clientWidth"":1343,""clientHeight"":833,""naturalWidth"":1800,""naturalHeight"":1116}],""subject_selection_state"":{""retired"":false,""selected_at"":""2022-01-28T23:17:43.696Z"",""already_seen"":false,""selection_state"":""normal"",""finished_workflow"":false,""user_has_finished_workflow"":false},""workflow_translation_id"":""48097""}","[{""task"":""T0"",""task_label"":""**Please identify the branching patterns that best corresponds to the image shown**\n"",""value"":""Not Sure""}]","{""72170161"":{""retired"":null,""Filename"":""MVK10-5-29F_DF286JPEG_cropped_resized(n).jpg""}}",72170161,Not Sure,3,11,1,15,20.00%,,20.00%,,Not Sure,,Regular
393167654,mvonkonrat,675706,de4ef4d0be2ca097a134,19282,Stem and Branching Patterns,17.51,2022-01-28 23:25:17 UTC,,,"{""source"":""api"",""session"":""4fe2ccb16c1217e64dbaecb9619c1a48acc860238c27ea7f4b00a6ad219badc2"",""viewport"":{""width"":1920,""height"":1007},""started_at"":""2022-01-28T23:25:13.987Z"",""user_agent"":""Mozilla/5.0 (X11; Linux x86_64) AppleWebKit/537.36 (KHTML, like Gecko) Chrome/97.0.4692.71 Safari/537.36"",""utc_offset"":""21600"",""finished_at"":""2022-01-28T23:25:17.601Z"",""live_project"":true,""interventions"":{""opt_in"":true,""messageShown"":false},""user_language"":""en"",""user_group_ids"":[2274058,2219593],""subject_dimensions"":[{""clientWidth"":1343,""clientHeight"":734,""naturalWidth"":1800,""naturalHeight"":984}],""subject_selection_state"":{""retired"":false,""selected_at"":""2022-01-28T23:17:43.696Z"",""already_seen"":false,""selection_state"":""normal"",""finished_workflow"":false,""user_has_finished_workflow"":false},""workflow_translation_id"":""48097""}","[{""task"":""T0"",""task_label"":""**Please identify the branching patterns that best corresponds to the image shown**\n"",""value"":""Regular (Structured)""}]","{""72170211"":{""retired"":null,""Filename"":""PDL11610JPEG_cropped_resized(b).jpg""}}",72170211,Regular (Structured),0,13,2,15,86.67%,86.67%,,13.33%,,,Regular
393167659,mvonkonrat,675706,de4ef4d0be2ca097a134,19282,Stem and Branching Patterns,17.51,2022-01-28 23:25:22 UTC,,,"{""source"":""api"",""session"":""4fe2ccb16c1217e64dbaecb9619c1a48acc860238c27ea7f4b00a6ad219badc2"",""viewport"":{""width"":1920,""height"":1007},""started_at"":""2022-01-28T23:25:17.618Z"",""user_agent"":""Mozilla/5.0 (X11; Linux x86_64) AppleWebKit/537.36 (KHTML, like Gecko) Chrome/97.0.4692.71 Safari/537.36"",""utc_offset"":""21600"",""finished_at"":""2022-01-28T23:25:22.354Z"",""live_project"":true,""interventions"":{""opt_in"":true,""messageShown"":false},""user_language"":""en"",""user_group_ids"":[2274058,2219593],""subject_dimensions"":[{""clientWidth"":683,""clientHeight"":906,""naturalWidth"":1800,""naturalHeight"":2388}],""subject_selection_state"":{""retired"":false,""selected_at"":""2022-01-28T23:17:43.696Z"",""already_seen"":false,""selection_state"":""normal"",""finished_workflow"":false,""user_has_finished_workflow"":false},""workflow_translation_id"":""48097""}","[{""task"":""T0"",""task_label"":""**Please identify the branching patterns that best corresponds to the image shown**\n"",""value"":""Not Sure""}]","{""72170276"":{""retired"":null,""Filename"":""PDLS01116_DF223JPEG_cropped_resized(i).jpg""}}",72170276,Not Sure,5,3,10,18,27.78%,,27.78%,,Not Sure,,
393167667,mvonkonrat,675706,de4ef4d0be2ca097a134,19282,Stem and Branching Patterns,17.51,2022-01-28 23:25:27 UTC,,,"{""source"":""api"",""session"":""4fe2ccb16c1217e64dbaecb9619c1a48acc860238c27ea7f4b00a6ad219badc2"",""viewport"":{""width"":1920,""height"":1007},""started_at"":""2022-01-28T23:25:22.371Z"",""user_agent"":""Mozilla/5.0 (X11; Linux x86_64) AppleWebKit/537.36 (KHTML, like Gecko) Chrome/97.0.4692.71 Safari/537.36"",""utc_offset"":""21600"",""finished_at"":""2022-01-28T23:25:27.267Z"",""live_project"":true,""interventions"":{""opt_in"":true,""messageShown"":false},""user_language"":""en"",""user_group_ids"":[2274058,2219593],""subject_dimensions"":[{""clientWidth"":1011,""clientHeight"":906,""naturalWidth"":1800,""naturalHeight"":1613}],""subject_selection_state"":{""retired"":false,""selected_at"":""2022-01-28T23:17:43.696Z"",""already_seen"":false,""selection_state"":""normal"",""finished_workflow"":false,""user_has_finished_workflow"":false},""workflow_translation_id"":""48097""}","[{""task"":""T0"",""task_label"":""**Please identify the branching patterns that best corresponds to the image shown**\n"",""value"":""Irregular (Random)""}]","{""72170273"":{""retired"":null,""Filename"":""PDLS01116_DF223JPEG_cropped_resized(f).jpg""}}",72170273,Irregular (Random),3,4,9,16,56.25%,56.25%,,25.00%,,,
393167671,mvonkonrat,675706,de4ef4d0be2ca097a134,19282,Stem and Branching Patterns,17.51,2022-01-28 23:25:29 UTC,,,"{""source"":""api"",""session"":""4fe2ccb16c1217e64dbaecb9619c1a48acc860238c27ea7f4b00a6ad219badc2"",""viewport"":{""width"":1920,""height"":1007},""started_at"":""2022-01-28T23:25:27.284Z"",""user_agent"":""Mozilla/5.0 (X11; Linux x86_64) AppleWebKit/537.36 (KHTML, like Gecko) Chrome/97.0.4692.71 Safari/537.36"",""utc_offset"":""21600"",""finished_at"":""2022-01-28T23:25:29.809Z"",""live_project"":true,""interventions"":{""opt_in"":true,""messageShown"":false},""user_language"":""en"",""user_group_ids"":[2274058,2219593],""subject_dimensions"":[{""clientWidth"":530,""clientHeight"":406,""naturalWidth"":530,""naturalHeight"":406}],""subject_selection_state"":{""retired"":false,""selected_at"":""2022-01-28T23:17:43.696Z"",""already_seen"":false,""selection_state"":""normal"",""finished_workflow"":false,""user_has_finished_workflow"":false},""workflow_translation_id"":""48097""}","[{""task"":""T0"",""task_label"":""**Please identify the branching patterns that best corresponds to the image shown**\n"",""value"":""Irregular (Random)""}]","{""72170188"":{""retired"":null,""Filename"":""PDL11215JPEG(a).png""}}",72170188,Irregular (Random),1,1,13,15,86.67%,86.67%,,6.67%,,,
393167681,mvonkonrat,675706,de4ef4d0be2ca097a134,19282,Stem and Branching Patterns,17.51,2022-01-28 23:25:32 UTC,,,"{""source"":""api"",""session"":""4fe2ccb16c1217e64dbaecb9619c1a48acc860238c27ea7f4b00a6ad219badc2"",""viewport"":{""width"":1920,""height"":1007},""started_at"":""2022-01-28T23:25:29.816Z"",""user_agent"":""Mozilla/5.0 (X11; Linux x86_64) AppleWebKit/537.36 (KHTML, like Gecko) Chrome/97.0.4692.71 Safari/537.36"",""utc_offset"":""21600"",""finished_at"":""2022-01-28T23:25:32.727Z"",""live_project"":true,""interventions"":{""opt_in"":true,""messageShown"":false},""user_language"":""en"",""user_group_ids"":[2274058,2219593],""subject_dimensions"":[{""clientWidth"":432,""clientHeight"":538,""naturalWidth"":432,""naturalHeight"":538}],""subject_selection_state"":{""retired"":false,""selected_at"":""2022-01-28T23:17:43.696Z"",""already_seen"":false,""selection_state"":""normal"",""finished_workflow"":false,""user_has_finished_workflow"":false},""workflow_translation_id"":""48097""}","[{""task"":""T0"",""task_label"":""**Please identify the branching patterns that best corresponds to the image shown**\n"",""value"":""Irregular (Random)""}]","{""72170300"":{""retired"":null,""Filename"":""Shaw16641_D255JPEG(d).png""}}",72170300,Irregular (Random),1,1,14,16,87.50%,87.50%,,6.25%,,,
393167685,mvonkonrat,675706,de4ef4d0be2ca097a134,19282,Stem and Branching Patterns,17.51,2022-01-28 23:25:35 UTC,,,"{""source"":""api"",""session"":""4fe2ccb16c1217e64dbaecb9619c1a48acc860238c27ea7f4b00a6ad219badc2"",""viewport"":{""width"":1920,""height"":1007},""started_at"":""2022-01-28T23:25:32.752Z"",""user_agent"":""Mozilla/5.0 (X11; Linux x86_64) AppleWebKit/537.36 (KHTML, like Gecko) Chrome/97.0.4692.71 Safari/537.36"",""utc_offset"":""21600"",""finished_at"":""2022-01-28T23:25:35.292Z"",""live_project"":true,""interventions"":{""opt_in"":true,""messageShown"":false},""user_language"":""en"",""user_group_ids"":[2274058,2219593],""subject_dimensions"":[{""clientWidth"":439,""clientHeight"":906,""naturalWidth"":1800,""naturalHeight"":3712}],""subject_selection_state"":{""retired"":false,""selected_at"":""2022-01-28T23:17:43.696Z"",""already_seen"":false,""selection_state"":""normal"",""finished_workflow"":false,""user_has_finished_workflow"":false},""workflow_translation_id"":""48097""}","[{""task"":""T0"",""task_label"":""**Please identify the branching patterns that best corresponds to the image shown**\n"",""value"":""Regular (Structured)""}]","{""72170201"":{""retired"":{""id"":97676037,""workflow_id"":19282,""classifications_count"":15,""created_at"":""2022-01-28T20:26:52.538Z"",""updated_at"":""2022-01-31T20:01:45.427Z"",""retired_at"":""2022-01-31T20:01:45.418Z"",""subject_id"":72170201,""retirement_reason"":""classification_count""},""Filename"":""PDL11498JPEG(c).jpg""}}",72170201,Regular (Structured),1,11,3,15,73.33%,73.33%,,20.00%,,,Regular
393167691,mvonkonrat,675706,de4ef4d0be2ca097a134,19282,Stem and Branching Patterns,17.51,2022-01-28 23:25:37 UTC,,,"{""source"":""api"",""session"":""4fe2ccb16c1217e64dbaecb9619c1a48acc860238c27ea7f4b00a6ad219badc2"",""viewport"":{""width"":1920,""height"":1007},""started_at"":""2022-01-28T23:25:35.298Z"",""user_agent"":""Mozilla/5.0 (X11; Linux x86_64) AppleWebKit/537.36 (KHTML, like Gecko) Chrome/97.0.4692.71 Safari/537.36"",""utc_offset"":""21600"",""finished_at"":""2022-01-28T23:25:37.898Z"",""live_project"":true,""interventions"":{""opt_in"":true,""messageShown"":false},""user_language"":""en"",""user_group_ids"":[2274058,2219593],""subject_dimensions"":[{""clientWidth"":1343,""clientHeight"":785,""naturalWidth"":1800,""naturalHeight"":1052}],""subject_selection_state"":{""retired"":false,""selected_at"":""2022-01-28T23:17:43.696Z"",""already_seen"":false,""selection_state"":""normal"",""finished_workflow"":false,""user_has_finished_workflow"":false},""workflow_translation_id"":""48097""}","[{""task"":""T0"",""task_label"":""**Please identify the branching patterns that best corresponds to the image shown**\n"",""value"":""Regular (Structured)""}]","{""72170205"":{""retired"":null,""Filename"":""PDL11594JPEG(d).jpg""}}",72170205,Regular (Structured),0,9,6,15,60.00%,60.00%,,40.00%,Not Sure,,
393167695,mvonkonrat,675706,de4ef4d0be2ca097a134,19282,Stem and Branching Patterns,17.51,2022-01-28 23:25:40 UTC,,,"{""source"":""api"",""session"":""4fe2ccb16c1217e64dbaecb9619c1a48acc860238c27ea7f4b00a6ad219badc2"",""viewport"":{""width"":1920,""height"":1007},""started_at"":""2022-01-28T23:25:37.905Z"",""user_agent"":""Mozilla/5.0 (X11; Linux x86_64) AppleWebKit/537.36 (KHTML, like Gecko) Chrome/97.0.4692.71 Safari/537.36"",""utc_offset"":""21600"",""finished_at"":""2022-01-28T23:25:39.964Z"",""live_project"":true,""interventions"":{""opt_in"":true,""messageShown"":false},""user_language"":""en"",""user_group_ids"":[2274058,2219593],""subject_dimensions"":[{""clientWidth"":1287,""clientHeight"":906,""naturalWidth"":1800,""naturalHeight"":1268}],""subject_selection_state"":{""retired"":false,""selected_at"":""2022-01-28T23:17:43.696Z"",""already_seen"":false,""selection_state"":""normal"",""finished_workflow"":false,""user_has_finished_workflow"":false},""workflow_translation_id"":""48097""}","[{""task"":""T0"",""task_label"":""**Please identify the branching patterns that best corresponds to the image shown**\n"",""value"":""Regular (Structured)""}]","{""72170253"":{""retired"":null,""Filename"":""PDLS0078FJPEG_cropped_resized(b).jpg""}}",72170253,Regular (Structured),2,12,4,18,66.67%,66.67%,,22.22%,,,Regular
393167698,mvonkonrat,675706,de4ef4d0be2ca097a134,19282,Stem and Branching Patterns,17.51,2022-01-28 23:25:42 UTC,,,"{""source"":""api"",""session"":""4fe2ccb16c1217e64dbaecb9619c1a48acc860238c27ea7f4b00a6ad219badc2"",""viewport"":{""width"":1920,""height"":1007},""started_at"":""2022-01-28T23:25:40.206Z"",""user_agent"":""Mozilla/5.0 (X11; Linux x86_64) AppleWebKit/537.36 (KHTML, like Gecko) Chrome/97.0.4692.71 Safari/537.36"",""utc_offset"":""21600"",""finished_at"":""2022-01-28T23:25:42.417Z"",""live_project"":true,""interventions"":{""opt_in"":true,""messageShown"":false},""user_language"":""en"",""user_group_ids"":[2274058,2219593],""subject_dimensions"":[null],""subject_selection_state"":{""retired"":false,""selected_at"":""2022-01-28T23:17:43.696Z"",""already_seen"":false,""selection_state"":""normal"",""finished_workflow"":false,""user_has_finished_workflow"":false},""workflow_translation_id"":""48097""}","[{""task"":""T0"",""task_label"":""**Please identify the branching patterns that best corresponds to the image shown**\n"",""value"":""Regular (Structured)""}]","{""72170174"":{""retired"":null,""Filename"":""MVK6500JPEG(b).jpg""}}",72170174,Regular (Structured),0,9,6,15,60.00%,60.00%,,40.00%,Not Sure,,
393167703,mvonkonrat,675706,de4ef4d0be2ca097a134,19282,Stem and Branching Patterns,17.51,2022-01-28 23:25:44 UTC,,,"{""source"":""api"",""session"":""4fe2ccb16c1217e64dbaecb9619c1a48acc860238c27ea7f4b00a6ad219badc2"",""viewport"":{""width"":1920,""height"":1007},""started_at"":""2022-01-28T23:25:42.425Z"",""user_agent"":""Mozilla/5.0 (X11; Linux x86_64) AppleWebKit/537.36 (KHTML, like Gecko) Chrome/97.0.4692.71 Safari/537.36"",""utc_offset"":""21600"",""finished_at"":""2022-01-28T23:25:44.674Z"",""live_project"":true,""interventions"":{""opt_in"":true,""messageShown"":false},""user_language"":""en"",""user_group_ids"":[2274058,2219593],""subject_dimensions"":[{""clientWidth"":340,""clientHeight"":264,""naturalWidth"":340,""naturalHeight"":264}],""subject_selection_state"":{""retired"":false,""selected_at"":""2022-01-28T23:25:40.116Z"",""already_seen"":false,""selection_state"":""normal"",""finished_workflow"":false,""user_has_finished_workflow"":false},""workflow_translation_id"":""48097""}","[{""task"":""T0"",""task_label"":""**Please identify the branching patterns that best corresponds to the image shown**\n"",""value"":""Irregular (Random)""}]","{""72170189"":{""retired"":null,""Filename"":""PDL11215JPEG(b).png""}}",72170189,Irregular (Random),0,1,14,15,93.33%,93.33%,,6.67%,,,
393167722,mvonkonrat,675706,de4ef4d0be2ca097a134,19282,Stem and Branching Patterns,17.51,2022-01-28 23:25:57 UTC,,,"{""source"":""api"",""session"":""4fe2ccb16c1217e64dbaecb9619c1a48acc860238c27ea7f4b00a6ad219badc2"",""viewport"":{""width"":1920,""height"":1007},""started_at"":""2022-01-28T23:25:44.682Z"",""user_agent"":""Mozilla/5.0 (X11; Linux x86_64) AppleWebKit/537.36 (KHTML, like Gecko) Chrome/97.0.4692.71 Safari/537.36"",""utc_offset"":""21600"",""finished_at"":""2022-01-28T23:25:57.455Z"",""live_project"":true,""interventions"":{""opt_in"":true,""messageShown"":false},""user_language"":""en"",""user_group_ids"":[2274058,2219593],""subject_dimensions"":[{""clientWidth"":1343,""clientHeight"":754,""naturalWidth"":1800,""naturalHeight"":1010}],""subject_selection_state"":{""retired"":false,""selected_at"":""2022-01-28T23:25:40.116Z"",""already_seen"":false,""selection_state"":""normal"",""finished_workflow"":false,""user_has_finished_workflow"":false},""workflow_translation_id"":""48097""}","[{""task"":""T0"",""task_label"":""**Please identify the branching patterns that best corresponds to the image shown**\n"",""value"":""Not Sure""}]","{""72170182"":{""retired"":null,""Filename"":""MVK15083JPEG_b(1).jpg""}}",72170182,Not Sure,2,18,5,25,8.00%,,8.00%,,,,Regular
393167728,mvonkonrat,675706,de4ef4d0be2ca097a134,19282,Stem and Branching Patterns,17.51,2022-01-28 23:26:00 UTC,,,"{""source"":""api"",""session"":""4fe2ccb16c1217e64dbaecb9619c1a48acc860238c27ea7f4b00a6ad219badc2"",""viewport"":{""width"":1920,""height"":1007},""started_at"":""2022-01-28T23:25:57.474Z"",""user_agent"":""Mozilla/5.0 (X11; Linux x86_64) AppleWebKit/537.36 (KHTML, like Gecko) Chrome/97.0.4692.71 Safari/537.36"",""utc_offset"":""21600"",""finished_at"":""2022-01-28T23:26:00.578Z"",""live_project"":true,""interventions"":{""opt_in"":true,""messageShown"":false},""user_language"":""en"",""user_group_ids"":[2274058,2219593],""subject_dimensions"":[{""clientWidth"":284,""clientHeight"":172,""naturalWidth"":284,""naturalHeight"":172}],""subject_selection_state"":{""retired"":false,""selected_at"":""2022-01-28T23:25:40.116Z"",""already_seen"":false,""selection_state"":""normal"",""finished_workflow"":false,""user_has_finished_workflow"":false},""workflow_translation_id"":""48097""}","[{""task"":""T0"",""task_label"":""**Please identify the branching patterns that best corresponds to the image shown**\n"",""value"":""Not Sure""}]","{""72170312"":{""retired"":null,""Filename"":""Shaw17629_D382JPEG(b).png""}}",72170312,Not Sure,4,5,7,16,25.00%,,25.00%,,Not Sure,,
393167734,mvonkonrat,675706,de4ef4d0be2ca097a134,19282,Stem and Branching Patterns,17.51,2022-01-28 23:26:03 UTC,,,"{""source"":""api"",""session"":""4fe2ccb16c1217e64dbaecb9619c1a48acc860238c27ea7f4b00a6ad219badc2"",""viewport"":{""width"":1920,""height"":1007},""started_at"":""2022-01-28T23:26:00.586Z"",""user_agent"":""Mozilla/5.0 (X11; Linux x86_64) AppleWebKit/537.36 (KHTML, like Gecko) Chrome/97.0.4692.71 Safari/537.36"",""utc_offset"":""21600"",""finished_at"":""2022-01-28T23:26:03.186Z"",""live_project"":true,""interventions"":{""opt_in"":true,""messageShown"":false},""user_language"":""en"",""user_group_ids"":[2274058,2219593],""subject_dimensions"":[{""clientWidth"":770,""clientHeight"":906,""naturalWidth"":1800,""naturalHeight"":2119}],""subject_selection_state"":{""retired"":false,""selected_at"":""2022-01-28T23:25:40.116Z"",""already_seen"":false,""selection_state"":""normal"",""finished_workflow"":false,""user_has_finished_workflow"":false},""workflow_translation_id"":""48097""}","[{""task"":""T0"",""task_label"":""**Please identify the branching patterns that best corresponds to the image shown**\n"",""value"":""Not Sure""}]","{""72170156"":{""retired"":{""id"":97676353,""workflow_id"":19282,""classifications_count"":15,""created_at"":""2022-01-28T20:33:29.078Z"",""updated_at"":""2022-01-31T19:48:33.717Z"",""retired_at"":""2022-01-31T19:48:33.709Z"",""subject_id"":72170156,""retirement_reason"":""classification_count""},""Filename"":""MVK10-5-29F_DF286JPEG_cropped_resized(i).jpg""}}",72170156,Not Sure,4,1,11,16,25.00%,,25.00%,,Not Sure,,
393167740,mvonkonrat,675706,de4ef4d0be2ca097a134,19282,Stem and Branching Patterns,17.51,2022-01-28 23:26:06 UTC,,,"{""source"":""api"",""session"":""4fe2ccb16c1217e64dbaecb9619c1a48acc860238c27ea7f4b00a6ad219badc2"",""viewport"":{""width"":1920,""height"":1007},""started_at"":""2022-01-28T23:26:03.193Z"",""user_agent"":""Mozilla/5.0 (X11; Linux x86_64) AppleWebKit/537.36 (KHTML, like Gecko) Chrome/97.0.4692.71 Safari/537.36"",""utc_offset"":""21600"",""finished_at"":""2022-01-28T23:26:06.554Z"",""live_project"":true,""interventions"":{""opt_in"":true,""messageShown"":false},""user_language"":""en"",""user_group_ids"":[2274058,2219593],""subject_dimensions"":[{""clientWidth"":522,""clientHeight"":906,""naturalWidth"":1800,""naturalHeight"":3125}],""subject_selection_state"":{""retired"":false,""selected_at"":""2022-01-28T23:25:40.116Z"",""already_seen"":false,""selection_state"":""normal"",""finished_workflow"":false,""user_has_finished_workflow"":false},""workflow_translation_id"":""48097""}","[{""task"":""T0"",""task_label"":""**Please identify the branching patterns that best corresponds to the image shown**\n"",""value"":""Not Sure""}]","{""72170254"":{""retired"":null,""Filename"":""PDLS0078FJPEG_cropped_resized(c).jpg""}}",72170254,Not Sure,3,7,7,17,17.65%,,17.65%,,Not Sure,,
393167745,mvonkonrat,675706,de4ef4d0be2ca097a134,19282,Stem and Branching Patterns,17.51,2022-01-28 23:26:10 UTC,,,"{""source"":""api"",""session"":""4fe2ccb16c1217e64dbaecb9619c1a48acc860238c27ea7f4b00a6ad219badc2"",""viewport"":{""width"":1920,""height"":1007},""started_at"":""2022-01-28T23:26:06.571Z"",""user_agent"":""Mozilla/5.0 (X11; Linux x86_64) AppleWebKit/537.36 (KHTML, like Gecko) Chrome/97.0.4692.71 Safari/537.36"",""utc_offset"":""21600"",""finished_at"":""2022-01-28T23:26:10.278Z"",""live_project"":true,""interventions"":{""opt_in"":true,""messageShown"":false},""user_language"":""en"",""user_group_ids"":[2274058,2219593],""subject_dimensions"":[{""clientWidth"":647,""clientHeight"":906,""naturalWidth"":1800,""naturalHeight"":2522}],""subject_selection_state"":{""retired"":false,""selected_at"":""2022-01-28T23:25:40.116Z"",""already_seen"":false,""selection_state"":""normal"",""finished_workflow"":false,""user_has_finished_workflow"":false},""workflow_translation_id"":""48097""}","[{""task"":""T0"",""task_label"":""**Please identify the branching patterns that best corresponds to the image shown**\n"",""value"":""Not Sure""}]","{""72170281"":{""retired"":null,""Filename"":""PDLS9996AJPEG_a(1).jpg""}}",72170281,Not Sure,2,4,9,15,13.33%,,13.33%,,,,
393167749,mvonkonrat,675706,de4ef4d0be2ca097a134,19282,Stem and Branching Patterns,17.51,2022-01-28 23:26:13 UTC,,,"{""source"":""api"",""session"":""4fe2ccb16c1217e64dbaecb9619c1a48acc860238c27ea7f4b00a6ad219badc2"",""viewport"":{""width"":1920,""height"":1007},""started_at"":""2022-01-28T23:26:10.285Z"",""user_agent"":""Mozilla/5.0 (X11; Linux x86_64) AppleWebKit/537.36 (KHTML, like Gecko) Chrome/97.0.4692.71 Safari/537.36"",""utc_offset"":""21600"",""finished_at"":""2022-01-28T23:26:13.811Z"",""live_project"":true,""interventions"":{""opt_in"":true,""messageShown"":false},""user_language"":""en"",""user_group_ids"":[2274058,2219593],""subject_dimensions"":[{""clientWidth"":739,""clientHeight"":906,""naturalWidth"":1800,""naturalHeight"":2206}],""subject_selection_state"":{""retired"":false,""selected_at"":""2022-01-28T23:25:40.116Z"",""already_seen"":false,""selection_state"":""normal"",""finished_workflow"":false,""user_has_finished_workflow"":false},""workflow_translation_id"":""48097""}","[{""task"":""T0"",""task_label"":""**Please identify the branching patterns that best corresponds to the image shown**\n"",""value"":""Irregular (Random)""}]","{""72170198"":{""retired"":null,""Filename"":""PDL11489JPEG(d).jpg""}}",72170198,Irregular (Random),1,2,11,14,78.57%,78.57%,,14.29%,,,
393167754,mvonkonrat,675706,de4ef4d0be2ca097a134,19282,Stem and Branching Patterns,17.51,2022-01-28 23:26:16 UTC,,,"{""source"":""api"",""session"":""4fe2ccb16c1217e64dbaecb9619c1a48acc860238c27ea7f4b00a6ad219badc2"",""viewport"":{""width"":1920,""height"":1007},""started_at"":""2022-01-28T23:26:13.828Z"",""user_agent"":""Mozilla/5.0 (X11; Linux x86_64) AppleWebKit/537.36 (KHTML, like Gecko) Chrome/97.0.4692.71 Safari/537.36"",""utc_offset"":""21600"",""finished_at"":""2022-01-28T23:26:16.209Z"",""live_project"":true,""interventions"":{""opt_in"":true,""messageShown"":false},""user_language"":""en"",""user_group_ids"":[2274058,2219593],""subject_dimensions"":[{""clientWidth"":721,""clientHeight"":906,""naturalWidth"":1800,""naturalHeight"":2263}],""subject_selection_state"":{""retired"":false,""selected_at"":""2022-01-28T23:25:40.116Z"",""already_seen"":false,""selection_state"":""normal"",""finished_workflow"":false,""user_has_finished_workflow"":false},""workflow_translation_id"":""48097""}","[{""task"":""T0"",""task_label"":""**Please identify the branching patterns that best corresponds to the image shown**\n"",""value"":""Irregular (Random)""}]","{""72170220"":{""retired"":null,""Filename"":""PDLK225_AK305241_DF046_FEMALEJPE.jpg""}}",72170220,Irregular (Random),0,10,8,18,44.44%,44.44%,,55.56%,Not Sure,,
393167768,mvonkonrat,675706,de4ef4d0be2ca097a134,19282,Stem and Branching Patterns,17.51,2022-01-28 23:26:25 UTC,,,"{""source"":""api"",""session"":""4fe2ccb16c1217e64dbaecb9619c1a48acc860238c27ea7f4b00a6ad219badc2"",""viewport"":{""width"":1920,""height"":1007},""started_at"":""2022-01-28T23:26:16.216Z"",""user_agent"":""Mozilla/5.0 (X11; Linux x86_64) AppleWebKit/537.36 (KHTML, like Gecko) Chrome/97.0.4692.71 Safari/537.36"",""utc_offset"":""21600"",""finished_at"":""2022-01-28T23:26:25.589Z"",""live_project"":true,""interventions"":{""opt_in"":true,""messageShown"":false},""user_language"":""en"",""user_group_ids"":[2274058,2219593],""subject_dimensions"":[{""clientWidth"":1208,""clientHeight"":906,""naturalWidth"":1800,""naturalHeight"":1350}],""subject_selection_state"":{""retired"":false,""selected_at"":""2022-01-28T23:25:40.116Z"",""already_seen"":false,""selection_state"":""normal"",""finished_workflow"":false,""user_has_finished_workflow"":false},""workflow_translation_id"":""48097""}","[{""task"":""T0"",""task_label"":""**Please identify the branching patterns that best corresponds to the image shown**\n"",""value"":""Irregular (Random)""}]","{""72170218"":{""retired"":null,""Filename"":""PDL116126JPEG(b).jpg""}}",72170218,Irregular (Random),2,8,9,19,47.37%,47.37%,,42.11%,Not Sure,,
393167790,mvonkonrat,675706,de4ef4d0be2ca097a134,19282,Stem and Branching Patterns,17.51,2022-01-28 23:26:32 UTC,,,"{""source"":""api"",""session"":""4fe2ccb16c1217e64dbaecb9619c1a48acc860238c27ea7f4b00a6ad219badc2"",""viewport"":{""width"":1920,""height"":1007},""started_at"":""2022-01-28T23:26:25.795Z"",""user_agent"":""Mozilla/5.0 (X11; Linux x86_64) AppleWebKit/537.36 (KHTML, like Gecko) Chrome/97.0.4692.71 Safari/537.36"",""utc_offset"":""21600"",""finished_at"":""2022-01-28T23:26:32.757Z"",""live_project"":true,""interventions"":{""opt_in"":true,""messageShown"":false},""user_language"":""en"",""user_group_ids"":[2274058,2219593],""subject_dimensions"":[{""clientWidth"":1272,""clientHeight"":906,""naturalWidth"":1800,""naturalHeight"":1282}],""subject_selection_state"":{""retired"":false,""selected_at"":""2022-01-28T23:25:40.116Z"",""already_seen"":false,""selection_state"":""normal"",""finished_workflow"":false,""user_has_finished_workflow"":false},""workflow_translation_id"":""48097""}","[{""task"":""T0"",""task_label"":""**Please identify the branching patterns that best corresponds to the image shown**\n"",""value"":""Not Sure""}]","{""72170178"":{""retired"":null,""Filename"":""MVK15032NCJPEG_b(1).jpg""}}",72170178,Not Sure,1,6,7,14,7.14%,,7.14%,,Not Sure,,
393167808,mvonkonrat,675706,de4ef4d0be2ca097a134,19282,Stem and Branching Patterns,17.51,2022-01-28 23:26:40 UTC,,,"{""source"":""api"",""session"":""4fe2ccb16c1217e64dbaecb9619c1a48acc860238c27ea7f4b00a6ad219badc2"",""viewport"":{""width"":1920,""height"":1007},""started_at"":""2022-01-28T23:26:32.774Z"",""user_agent"":""Mozilla/5.0 (X11; Linux x86_64) AppleWebKit/537.36 (KHTML, like Gecko) Chrome/97.0.4692.71 Safari/537.36"",""utc_offset"":""21600"",""finished_at"":""2022-01-28T23:26:40.872Z"",""live_project"":true,""interventions"":{""opt_in"":true,""messageShown"":false},""user_language"":""en"",""user_group_ids"":[2274058,2219593],""subject_dimensions"":[{""clientWidth"":1343,""clientHeight"":864,""naturalWidth"":1800,""naturalHeight"":1158}],""subject_selection_state"":{""retired"":false,""selected_at"":""2022-01-28T23:26:25.706Z"",""already_seen"":false,""selection_state"":""normal"",""finished_workflow"":false,""user_has_finished_workflow"":false},""workflow_translation_id"":""48097""}","[{""task"":""T0"",""task_label"":""**Please identify the branching patterns that best corresponds to the image shown**\n"",""value"":""Regular (Structured)""}]","{""72170238"":{""retired"":null,""Filename"":""PDLS003F_D450_cropped_resized(d).jpg""}}",72170238,Regular (Structured),3,6,5,14,42.86%,42.86%,,35.71%,Not Sure,,
393167818,mvonkonrat,675706,de4ef4d0be2ca097a134,19282,Stem and Branching Patterns,17.51,2022-01-28 23:26:44 UTC,,,"{""source"":""api"",""session"":""4fe2ccb16c1217e64dbaecb9619c1a48acc860238c27ea7f4b00a6ad219badc2"",""viewport"":{""width"":1920,""height"":1007},""started_at"":""2022-01-28T23:26:40.889Z"",""user_agent"":""Mozilla/5.0 (X11; Linux x86_64) AppleWebKit/537.36 (KHTML, like Gecko) Chrome/97.0.4692.71 Safari/537.36"",""utc_offset"":""21600"",""finished_at"":""2022-01-28T23:26:44.031Z"",""live_project"":true,""interventions"":{""opt_in"":true,""messageShown"":false},""user_language"":""en"",""user_group_ids"":[2274058,2219593],""subject_dimensions"":[{""clientWidth"":1126,""clientHeight"":906,""naturalWidth"":1800,""naturalHeight"":1449}],""subject_selection_state"":{""retired"":false,""selected_at"":""2022-01-28T23:26:25.706Z"",""already_seen"":false,""selection_state"":""normal"",""finished_workflow"":false,""user_has_finished_workflow"":false},""workflow_translation_id"":""48097""}","[{""task"":""T0"",""task_label"":""**Please identify the branching patterns that best corresponds to the image shown**\n"",""value"":""Irregular (Random)""}]","{""72170172"":{""retired"":null,""Filename"":""MVK6500_D344JPEG(c).jpg""}}",72170172,Irregular (Random),2,7,5,14,35.71%,35.71%,,50.00%,Not Sure,,
393167824,mvonkonrat,675706,de4ef4d0be2ca097a134,19282,Stem and Branching Patterns,17.51,2022-01-28 23:26:47 UTC,,,"{""source"":""api"",""session"":""4fe2ccb16c1217e64dbaecb9619c1a48acc860238c27ea7f4b00a6ad219badc2"",""viewport"":{""width"":1920,""height"":1007},""started_at"":""2022-01-28T23:26:44.038Z"",""user_agent"":""Mozilla/5.0 (X11; Linux x86_64) AppleWebKit/537.36 (KHTML, like Gecko) Chrome/97.0.4692.71 Safari/537.36"",""utc_offset"":""21600"",""finished_at"":""2022-01-28T23:26:47.034Z"",""live_project"":true,""interventions"":{""opt_in"":true,""messageShown"":false},""user_language"":""en"",""user_group_ids"":[2274058,2219593],""subject_dimensions"":[{""clientWidth"":1343,""clientHeight"":854,""naturalWidth"":1800,""naturalHeight"":1144}],""subject_selection_state"":{""retired"":false,""selected_at"":""2022-01-28T23:26:25.706Z"",""already_seen"":false,""selection_state"":""normal"",""finished_workflow"":false,""user_has_finished_workflow"":false},""workflow_translation_id"":""48097""}","[{""task"":""T0"",""task_label"":""**Please identify the branching patterns that best corresponds to the image shown**\n"",""value"":""Not Sure""}]","{""72170160"":{""retired"":{""id"":97676340,""workflow_id"":19282,""classifications_count"":15,""created_at"":""2022-01-28T20:33:22.373Z"",""updated_at"":""2022-01-31T19:29:50.831Z"",""retired_at"":""2022-01-31T19:29:50.823Z"",""subject_id"":72170160,""retirement_reason"":""classification_count""},""Filename"":""MVK10-5-29F_DF286JPEG_cropped_resized(m).jpg""}}",72170160,Not Sure,5,7,2,14,35.71%,,35.71%,,Not Sure,,
393167830,mvonkonrat,675706,de4ef4d0be2ca097a134,19282,Stem and Branching Patterns,17.51,2022-01-28 23:26:50 UTC,,,"{""source"":""api"",""session"":""4fe2ccb16c1217e64dbaecb9619c1a48acc860238c27ea7f4b00a6ad219badc2"",""viewport"":{""width"":1920,""height"":1007},""started_at"":""2022-01-28T23:26:47.050Z"",""user_agent"":""Mozilla/5.0 (X11; Linux x86_64) AppleWebKit/537.36 (KHTML, like Gecko) Chrome/97.0.4692.71 Safari/537.36"",""utc_offset"":""21600"",""finished_at"":""2022-01-28T23:26:50.312Z"",""live_project"":true,""interventions"":{""opt_in"":true,""messageShown"":false},""user_language"":""en"",""user_group_ids"":[2274058,2219593],""subject_dimensions"":[{""clientWidth"":1343,""clientHeight"":452,""naturalWidth"":1800,""naturalHeight"":606}],""subject_selection_state"":{""retired"":false,""selected_at"":""2022-01-28T23:26:25.706Z"",""already_seen"":false,""selection_state"":""normal"",""finished_workflow"":false,""user_has_finished_workflow"":false},""workflow_translation_id"":""48097""}","[{""task"":""T0"",""task_label"":""**Please identify the branching patterns that best corresponds to the image shown**\n"",""value"":""Irregular (Random)""}]","{""72170272"":{""retired"":null,""Filename"":""PDLS01116_DF223JPEG_cropped_resized(e).jpg""}}",72170272,Irregular (Random),3,2,10,15,66.67%,66.67%,,13.33%,Not Sure,,
393167836,mvonkonrat,675706,de4ef4d0be2ca097a134,19282,Stem and Branching Patterns,17.51,2022-01-28 23:26:53 UTC,,,"{""source"":""api"",""session"":""4fe2ccb16c1217e64dbaecb9619c1a48acc860238c27ea7f4b00a6ad219badc2"",""viewport"":{""width"":1920,""height"":1007},""started_at"":""2022-01-28T23:26:50.319Z"",""user_agent"":""Mozilla/5.0 (X11; Linux x86_64) AppleWebKit/537.36 (KHTML, like Gecko) Chrome/97.0.4692.71 Safari/537.36"",""utc_offset"":""21600"",""finished_at"":""2022-01-28T23:26:53.039Z"",""live_project"":true,""interventions"":{""opt_in"":true,""messageShown"":false},""user_language"":""en"",""user_group_ids"":[2274058,2219593],""subject_dimensions"":[{""clientWidth"":1343,""clientHeight"":648,""naturalWidth"":7502,""naturalHeight"":3619}],""subject_selection_state"":{""retired"":false,""selected_at"":""2022-01-28T23:26:25.706Z"",""already_seen"":false,""selection_state"":""normal"",""finished_workflow"":false,""user_has_finished_workflow"":false},""workflow_translation_id"":""48097""}","[{""task"":""T0"",""task_label"":""**Please identify the branching patterns that best corresponds to the image shown**\n"",""value"":""Regular (Structured)""}]","{""72170252"":{""retired"":null,""Filename"":""PDLS0078FJPEG_cropped_resized(a).jpg""}}",72170252,Regular (Structured),2,6,8,16,37.50%,37.50%,,50.00%,Not Sure,,
393167844,mvonkonrat,675706,de4ef4d0be2ca097a134,19282,Stem and Branching Patterns,17.51,2022-01-28 23:26:55 UTC,,,"{""source"":""api"",""session"":""4fe2ccb16c1217e64dbaecb9619c1a48acc860238c27ea7f4b00a6ad219badc2"",""viewport"":{""width"":1920,""height"":1007},""started_at"":""2022-01-28T23:26:53.058Z"",""user_agent"":""Mozilla/5.0 (X11; Linux x86_64) AppleWebKit/537.36 (KHTML, like Gecko) Chrome/97.0.4692.71 Safari/537.36"",""utc_offset"":""21600"",""finished_at"":""2022-01-28T23:26:55.822Z"",""live_project"":true,""interventions"":{""opt_in"":true,""messageShown"":false},""user_language"":""en"",""user_group_ids"":[2274058,2219593],""subject_dimensions"":[{""clientWidth"":1343,""clientHeight"":677,""naturalWidth"":1800,""naturalHeight"":907}],""subject_selection_state"":{""retired"":false,""selected_at"":""2022-01-28T23:26:25.706Z"",""already_seen"":false,""selection_state"":""normal"",""finished_workflow"":false,""user_has_finished_workflow"":false},""workflow_translation_id"":""48097""}","[{""task"":""T0"",""task_label"":""**Please identify the branching patterns that best corresponds to the image shown**\n"",""value"":""Regular (Structured)""}]","{""72170233"":{""retired"":null,""Filename"":""PDLS003_D450JPEG(c).jpg""}}",72170233,Regular (Structured),2,9,4,15,60.00%,60.00%,,26.67%,,,
393167855,mvonkonrat,675706,de4ef4d0be2ca097a134,19282,Stem and Branching Patterns,17.51,2022-01-28 23:27:02 UTC,,,"{""source"":""api"",""session"":""4fe2ccb16c1217e64dbaecb9619c1a48acc860238c27ea7f4b00a6ad219badc2"",""viewport"":{""width"":1920,""height"":1007},""started_at"":""2022-01-28T23:26:55.829Z"",""user_agent"":""Mozilla/5.0 (X11; Linux x86_64) AppleWebKit/537.36 (KHTML, like Gecko) Chrome/97.0.4692.71 Safari/537.36"",""utc_offset"":""21600"",""finished_at"":""2022-01-28T23:27:02.558Z"",""live_project"":true,""interventions"":{""opt_in"":true,""messageShown"":false},""user_language"":""en"",""user_group_ids"":[2274058,2219593],""subject_dimensions"":[{""clientWidth"":1343,""clientHeight"":864,""naturalWidth"":1800,""naturalHeight"":1158}],""subject_selection_state"":{""retired"":false,""selected_at"":""2022-01-28T23:26:25.706Z"",""already_seen"":false,""selection_state"":""normal"",""finished_workflow"":false,""user_has_finished_workflow"":false},""workflow_translation_id"":""48097""}","[{""task"":""T0"",""task_label"":""**Please identify the branching patterns that best corresponds to the image shown**\n"",""value"":""Regular (Structured)""}]","{""72170242"":{""retired"":null,""Filename"":""PDLS003F_D450JPEG_cropped_resized(d).jpg""}}",72170242,Regular (Structured),2,6,7,15,40.00%,40.00%,,46.67%,Not Sure,,
393167862,mvonkonrat,675706,de4ef4d0be2ca097a134,19282,Stem and Branching Patterns,17.51,2022-01-28 23:27:06 UTC,,,"{""source"":""api"",""session"":""4fe2ccb16c1217e64dbaecb9619c1a48acc860238c27ea7f4b00a6ad219badc2"",""viewport"":{""width"":1920,""height"":1007},""started_at"":""2022-01-28T23:27:02.575Z"",""user_agent"":""Mozilla/5.0 (X11; Linux x86_64) AppleWebKit/537.36 (KHTML, like Gecko) Chrome/97.0.4692.71 Safari/537.36"",""utc_offset"":""21600"",""finished_at"":""2022-01-28T23:27:06.647Z"",""live_project"":true,""interventions"":{""opt_in"":true,""messageShown"":false},""user_language"":""en"",""user_group_ids"":[2274058,2219593],""subject_dimensions"":[{""clientWidth"":1343,""clientHeight"":872,""naturalWidth"":1800,""naturalHeight"":1169}],""subject_selection_state"":{""retired"":false,""selected_at"":""2022-01-28T23:26:25.706Z"",""already_seen"":false,""selection_state"":""normal"",""finished_workflow"":false,""user_has_finished_workflow"":false},""workflow_translation_id"":""48097""}","[{""task"":""T0"",""task_label"":""**Please identify the branching patterns that best corresponds to the image shown**\n"",""value"":""Not Sure""}]","{""72170232"":{""retired"":null,""Filename"":""PDLS003_D450JPEG(b).jpg""}}",72170232,Not Sure,2,6,6,14,14.29%,,14.29%,,Not Sure,,
393167867,mvonkonrat,675706,de4ef4d0be2ca097a134,19282,Stem and Branching Patterns,17.51,2022-01-28 23:27:09 UTC,,,"{""source"":""api"",""session"":""4fe2ccb16c1217e64dbaecb9619c1a48acc860238c27ea7f4b00a6ad219badc2"",""viewport"":{""width"":1920,""height"":1007},""started_at"":""2022-01-28T23:27:06.663Z"",""user_agent"":""Mozilla/5.0 (X11; Linux x86_64) AppleWebKit/537.36 (KHTML, like Gecko) Chrome/97.0.4692.71 Safari/537.36"",""utc_offset"":""21600"",""finished_at"":""2022-01-28T23:27:09.680Z"",""live_project"":true,""interventions"":{""opt_in"":true,""messageShown"":false},""user_language"":""en"",""user_group_ids"":[2274058,2219593],""subject_dimensions"":[{""clientWidth"":611,""clientHeight"":906,""naturalWidth"":1800,""naturalHeight"":2670}],""subject_selection_state"":{""retired"":false,""selected_at"":""2022-01-28T23:26:25.706Z"",""already_seen"":false,""selection_state"":""normal"",""finished_workflow"":false,""user_has_finished_workflow"":false},""workflow_translation_id"":""48097""}","[{""task"":""T0"",""task_label"":""**Please identify the branching patterns that best corresponds to the image shown**\n"",""value"":""Irregular (Random)""}]","{""72170310"":{""retired"":null,""Filename"":""Shaw17619_D384JPEG(b).jpg""}}",72170310,Irregular (Random),3,6,7,16,43.75%,43.75%,,37.50%,Not Sure,,
393167877,mvonkonrat,675706,de4ef4d0be2ca097a134,19282,Stem and Branching Patterns,17.51,2022-01-28 23:27:14 UTC,,,"{""source"":""api"",""session"":""4fe2ccb16c1217e64dbaecb9619c1a48acc860238c27ea7f4b00a6ad219badc2"",""viewport"":{""width"":1920,""height"":1007},""started_at"":""2022-01-28T23:27:09.873Z"",""user_agent"":""Mozilla/5.0 (X11; Linux x86_64) AppleWebKit/537.36 (KHTML, like Gecko) Chrome/97.0.4692.71 Safari/537.36"",""utc_offset"":""21600"",""finished_at"":""2022-01-28T23:27:13.975Z"",""live_project"":true,""interventions"":{""opt_in"":true,""messageShown"":false},""user_language"":""en"",""user_group_ids"":[2274058,2219593],""subject_dimensions"":[{""clientWidth"":1343,""clientHeight"":699,""naturalWidth"":1800,""naturalHeight"":937}],""subject_selection_state"":{""retired"":false,""selected_at"":""2022-01-28T23:26:25.706Z"",""already_seen"":false,""selection_state"":""normal"",""finished_workflow"":false,""user_has_finished_workflow"":false},""workflow_translation_id"":""48097""}","[{""task"":""T0"",""task_label"":""**Please identify the branching patterns that best corresponds to the image shown**\n"",""value"":""Regular (Structured)""}]","{""72170255"":{""retired"":null,""Filename"":""PDLS0086_D444JPEG(a).jpg""}}",72170255,Regular (Structured),0,14,2,16,87.50%,87.50%,,12.50%,,,Regular
393167882,mvonkonrat,675706,de4ef4d0be2ca097a134,19282,Stem and Branching Patterns,17.51,2022-01-28 23:27:16 UTC,,,"{""source"":""api"",""session"":""4fe2ccb16c1217e64dbaecb9619c1a48acc860238c27ea7f4b00a6ad219badc2"",""viewport"":{""width"":1920,""height"":1007},""started_at"":""2022-01-28T23:27:13.992Z"",""user_agent"":""Mozilla/5.0 (X11; Linux x86_64) AppleWebKit/537.36 (KHTML, like Gecko) Chrome/97.0.4692.71 Safari/537.36"",""utc_offset"":""21600"",""finished_at"":""2022-01-28T23:27:16.719Z"",""live_project"":true,""interventions"":{""opt_in"":true,""messageShown"":false},""user_language"":""en"",""user_group_ids"":[2274058,2219593],""subject_dimensions"":[{""clientWidth"":1343,""clientHeight"":590,""naturalWidth"":1800,""naturalHeight"":791}],""subject_selection_state"":{""retired"":false,""selected_at"":""2022-01-28T23:27:09.787Z"",""already_seen"":false,""selection_state"":""normal"",""finished_workflow"":false,""user_has_finished_workflow"":false},""workflow_translation_id"":""48097""}","[{""task"":""T0"",""task_label"":""**Please identify the branching patterns that best corresponds to the image shown**\n"",""value"":""Regular (Structured)""}]","{""72170213"":{""retired"":null,""Filename"":""PDL12009JPEG_a.jpg""}}",72170213,Regular (Structured),1,13,1,15,86.67%,86.67%,,6.67%,,,Regular
393167886,mvonkonrat,675706,de4ef4d0be2ca097a134,19282,Stem and Branching Patterns,17.51,2022-01-28 23:27:19 UTC,,,"{""source"":""api"",""session"":""4fe2ccb16c1217e64dbaecb9619c1a48acc860238c27ea7f4b00a6ad219badc2"",""viewport"":{""width"":1920,""height"":1007},""started_at"":""2022-01-28T23:27:16.728Z"",""user_agent"":""Mozilla/5.0 (X11; Linux x86_64) AppleWebKit/537.36 (KHTML, like Gecko) Chrome/97.0.4692.71 Safari/537.36"",""utc_offset"":""21600"",""finished_at"":""2022-01-28T23:27:19.081Z"",""live_project"":true,""interventions"":{""opt_in"":true,""messageShown"":false},""user_language"":""en"",""user_group_ids"":[2274058,2219593],""subject_dimensions"":[{""clientWidth"":1165,""clientHeight"":906,""naturalWidth"":1800,""naturalHeight"":1400}],""subject_selection_state"":{""retired"":false,""selected_at"":""2022-01-28T23:27:09.787Z"",""already_seen"":false,""selection_state"":""normal"",""finished_workflow"":false,""user_has_finished_workflow"":false},""workflow_translation_id"":""48097""}","[{""task"":""T0"",""task_label"":""**Please identify the branching patterns that best corresponds to the image shown**\n"",""value"":""Irregular (Random)""}]","{""72170195"":{""retired"":null,""Filename"":""PDL11489JPEG(a).jpg""}}",72170195,Irregular (Random),4,6,5,15,33.33%,33.33%,,40.00%,Not Sure,,
393167891,mvonkonrat,675706,de4ef4d0be2ca097a134,19282,Stem and Branching Patterns,17.51,2022-01-28 23:27:22 UTC,,,"{""source"":""api"",""session"":""4fe2ccb16c1217e64dbaecb9619c1a48acc860238c27ea7f4b00a6ad219badc2"",""viewport"":{""width"":1920,""height"":1007},""started_at"":""2022-01-28T23:27:19.097Z"",""user_agent"":""Mozilla/5.0 (X11; Linux x86_64) AppleWebKit/537.36 (KHTML, like Gecko) Chrome/97.0.4692.71 Safari/537.36"",""utc_offset"":""21600"",""finished_at"":""2022-01-28T23:27:22.042Z"",""live_project"":true,""interventions"":{""opt_in"":true,""messageShown"":false},""user_language"":""en"",""user_group_ids"":[2274058,2219593],""subject_dimensions"":[{""clientWidth"":1213,""clientHeight"":906,""naturalWidth"":1800,""naturalHeight"":1345}],""subject_selection_state"":{""retired"":false,""selected_at"":""2022-01-28T23:27:09.787Z"",""already_seen"":false,""selection_state"":""normal"",""finished_workflow"":false,""user_has_finished_workflow"":false},""workflow_translation_id"":""48097""}","[{""task"":""T0"",""task_label"":""**Please identify the branching patterns that best corresponds to the image shown**\n"",""value"":""Irregular (Random)""}]","{""72170150"":{""retired"":null,""Filename"":""MVK10-5-29F_DF286JPEG_cropped_resized(c).jpg""}}",72170150,Irregular (Random),2,2,11,15,73.33%,73.33%,,13.33%,,,
393167900,mvonkonrat,675706,de4ef4d0be2ca097a134,19282,Stem and Branching Patterns,17.51,2022-01-28 23:27:24 UTC,,,"{""source"":""api"",""session"":""4fe2ccb16c1217e64dbaecb9619c1a48acc860238c27ea7f4b00a6ad219badc2"",""viewport"":{""width"":1920,""height"":1007},""started_at"":""2022-01-28T23:27:22.049Z"",""user_agent"":""Mozilla/5.0 (X11; Linux x86_64) AppleWebKit/537.36 (KHTML, like Gecko) Chrome/97.0.4692.71 Safari/537.36"",""utc_offset"":""21600"",""finished_at"":""2022-01-28T23:27:24.817Z"",""live_project"":true,""interventions"":{""opt_in"":true,""messageShown"":false},""user_language"":""en"",""user_group_ids"":[2274058,2219593],""subject_dimensions"":[{""clientWidth"":1343,""clientHeight"":827,""naturalWidth"":1800,""naturalHeight"":1108}],""subject_selection_state"":{""retired"":false,""selected_at"":""2022-01-28T23:27:09.787Z"",""already_seen"":false,""selection_state"":""normal"",""finished_workflow"":false,""user_has_finished_workflow"":false},""workflow_translation_id"":""48097""}","[{""task"":""T0"",""task_label"":""**Please identify the branching patterns that best corresponds to the image shown**\n"",""value"":""Regular (Structured)""}]","{""72170250"":{""retired"":null,""Filename"":""PDLS0072_D466JPEG(b).jpg""}}",72170250,Regular (Structured),0,14,1,15,93.33%,93.33%,,6.67%,,,Regular
393167907,mvonkonrat,675706,de4ef4d0be2ca097a134,19282,Stem and Branching Patterns,17.51,2022-01-28 23:27:30 UTC,,,"{""source"":""api"",""session"":""4fe2ccb16c1217e64dbaecb9619c1a48acc860238c27ea7f4b00a6ad219badc2"",""viewport"":{""width"":1920,""height"":1007},""started_at"":""2022-01-28T23:27:24.824Z"",""user_agent"":""Mozilla/5.0 (X11; Linux x86_64) AppleWebKit/537.36 (KHTML, like Gecko) Chrome/97.0.4692.71 Safari/537.36"",""utc_offset"":""21600"",""finished_at"":""2022-01-28T23:27:30.241Z"",""live_project"":true,""interventions"":{""opt_in"":true,""messageShown"":false},""user_language"":""en"",""user_group_ids"":[2274058,2219593],""subject_dimensions"":[{""clientWidth"":1343,""clientHeight"":608,""naturalWidth"":1800,""naturalHeight"":815}],""subject_selection_state"":{""retired"":false,""selected_at"":""2022-01-28T23:27:09.787Z"",""already_seen"":false,""selection_state"":""normal"",""finished_workflow"":false,""user_has_finished_workflow"":false},""workflow_translation_id"":""48097""}","[{""task"":""T0"",""task_label"":""**Please identify the branching patterns that best corresponds to the image shown**\n"",""value"":""Regular (Structured)""}]","{""72170180"":{""retired"":null,""Filename"":""MVK15083JPEG_a(1).jpg""}}",72170180,Regular (Structured),2,7,6,15,46.67%,46.67%,,40.00%,Not Sure,,
393167909,mvonkonrat,675706,de4ef4d0be2ca097a134,19282,Stem and Branching Patterns,17.51,2022-01-28 23:27:33 UTC,,,"{""source"":""api"",""session"":""4fe2ccb16c1217e64dbaecb9619c1a48acc860238c27ea7f4b00a6ad219badc2"",""viewport"":{""width"":1920,""height"":1007},""started_at"":""2022-01-28T23:27:30.259Z"",""user_agent"":""Mozilla/5.0 (X11; Linux x86_64) AppleWebKit/537.36 (KHTML, like Gecko) Chrome/97.0.4692.71 Safari/537.36"",""utc_offset"":""21600"",""finished_at"":""2022-01-28T23:27:32.978Z"",""live_project"":true,""interventions"":{""opt_in"":true,""messageShown"":false},""user_language"":""en"",""user_group_ids"":[2274058,2219593],""subject_dimensions"":[{""clientWidth"":1343,""clientHeight"":557,""naturalWidth"":1800,""naturalHeight"":746}],""subject_selection_state"":{""retired"":false,""selected_at"":""2022-01-28T23:27:09.787Z"",""already_seen"":false,""selection_state"":""normal"",""finished_workflow"":false,""user_has_finished_workflow"":false},""workflow_translation_id"":""48097""}","[{""task"":""T0"",""task_label"":""**Please identify the branching patterns that best corresponds to the image shown**\n"",""value"":""Regular (Structured)""}]","{""72170261"":{""retired"":null,""Filename"":""PDLS0087_D466JPEG(a).jpg""}}",72170261,Regular (Structured),2,9,6,17,52.94%,52.94%,,35.29%,Not Sure,,
393167917,mvonkonrat,675706,de4ef4d0be2ca097a134,19282,Stem and Branching Patterns,17.51,2022-01-28 23:27:35 UTC,,,"{""source"":""api"",""session"":""4fe2ccb16c1217e64dbaecb9619c1a48acc860238c27ea7f4b00a6ad219badc2"",""viewport"":{""width"":1920,""height"":1007},""started_at"":""2022-01-28T23:27:32.994Z"",""user_agent"":""Mozilla/5.0 (X11; Linux x86_64) AppleWebKit/537.36 (KHTML, like Gecko) Chrome/97.0.4692.71 Safari/537.36"",""utc_offset"":""21600"",""finished_at"":""2022-01-28T23:27:35.837Z"",""live_project"":true,""interventions"":{""opt_in"":true,""messageShown"":false},""user_language"":""en"",""user_group_ids"":[2274058,2219593],""subject_dimensions"":[{""clientWidth"":826,""clientHeight"":906,""naturalWidth"":1800,""naturalHeight"":1976}],""subject_selection_state"":{""retired"":false,""selected_at"":""2022-01-28T23:27:09.787Z"",""already_seen"":false,""selection_state"":""normal"",""finished_workflow"":false,""user_has_finished_workflow"":false},""workflow_translation_id"":""48097""}","[{""task"":""T0"",""task_label"":""**Please identify the branching patterns that best corresponds to the image shown**\n"",""value"":""Irregular (Random)""}]","{""72170278"":{""retired"":null,""Filename"":""PDLS01116_DF223JPEG_cropped_resized(k).jpg""}}",72170278,Irregular (Random),1,6,10,17,58.82%,58.82%,,35.29%,Not Sure,,
393167925,mvonkonrat,675706,de4ef4d0be2ca097a134,19282,Stem and Branching Patterns,17.51,2022-01-28 23:27:38 UTC,,,"{""source"":""api"",""session"":""4fe2ccb16c1217e64dbaecb9619c1a48acc860238c27ea7f4b00a6ad219badc2"",""viewport"":{""width"":1920,""height"":1007},""started_at"":""2022-01-28T23:27:35.844Z"",""user_agent"":""Mozilla/5.0 (X11; Linux x86_64) AppleWebKit/537.36 (KHTML, like Gecko) Chrome/97.0.4692.71 Safari/537.36"",""utc_offset"":""21600"",""finished_at"":""2022-01-28T23:27:38.360Z"",""live_project"":true,""interventions"":{""opt_in"":true,""messageShown"":false},""user_language"":""en"",""user_group_ids"":[2274058,2219593],""subject_dimensions"":[{""clientWidth"":700,""clientHeight"":906,""naturalWidth"":1800,""naturalHeight"":2330}],""subject_selection_state"":{""retired"":false,""selected_at"":""2022-01-28T23:27:09.787Z"",""already_seen"":false,""selection_state"":""normal"",""finished_workflow"":false,""user_has_finished_workflow"":false},""workflow_translation_id"":""48097""}","[{""task"":""T0"",""task_label"":""**Please identify the branching patterns that best corresponds to the image shown**\n"",""value"":""Not Sure""}]","{""72170163"":{""retired"":null,""Filename"":""MVK10-5-29F_DF286JPEG_cropped_resized(p).jpg""}}",72170163,Not Sure,5,8,2,15,33.33%,,33.33%,,Not Sure,,
393167928,mvonkonrat,675706,de4ef4d0be2ca097a134,19282,Stem and Branching Patterns,17.51,2022-01-28 23:27:40 UTC,,,"{""source"":""api"",""session"":""4fe2ccb16c1217e64dbaecb9619c1a48acc860238c27ea7f4b00a6ad219badc2"",""viewport"":{""width"":1920,""height"":1007},""started_at"":""2022-01-28T23:27:38.368Z"",""user_agent"":""Mozilla/5.0 (X11; Linux x86_64) AppleWebKit/537.36 (KHTML, like Gecko) Chrome/97.0.4692.71 Safari/537.36"",""utc_offset"":""21600"",""finished_at"":""2022-01-28T23:27:40.893Z"",""live_project"":true,""interventions"":{""opt_in"":true,""messageShown"":false},""user_language"":""en"",""user_group_ids"":[2274058,2219593],""subject_dimensions"":[{""clientWidth"":682,""clientHeight"":408,""naturalWidth"":682,""naturalHeight"":408}],""subject_selection_state"":{""retired"":false,""selected_at"":""2022-01-28T23:27:09.787Z"",""already_seen"":false,""selection_state"":""normal"",""finished_workflow"":false,""user_has_finished_workflow"":false},""workflow_translation_id"":""48097""}","[{""task"":""T0"",""task_label"":""**Please identify the branching patterns that best corresponds to the image shown**\n"",""value"":""Regular (Structured)""}]","{""72170248"":{""retired"":null,""Filename"":""PDLS0063_D467JPEG(c).png""}}",72170248,Regular (Structured),0,15,4,19,78.95%,78.95%,,21.05%,,,Regular
393167932,mvonkonrat,675706,de4ef4d0be2ca097a134,19282,Stem and Branching Patterns,17.51,2022-01-28 23:27:43 UTC,,,"{""source"":""api"",""session"":""4fe2ccb16c1217e64dbaecb9619c1a48acc860238c27ea7f4b00a6ad219badc2"",""viewport"":{""width"":1920,""height"":1007},""started_at"":""2022-01-28T23:27:41.043Z"",""user_agent"":""Mozilla/5.0 (X11; Linux x86_64) AppleWebKit/537.36 (KHTML, like Gecko) Chrome/97.0.4692.71 Safari/537.36"",""utc_offset"":""21600"",""finished_at"":""2022-01-28T23:27:43.418Z"",""live_project"":true,""interventions"":{""opt_in"":true,""messageShown"":false},""user_language"":""en"",""user_group_ids"":[2274058,2219593],""subject_dimensions"":[null],""subject_selection_state"":{""retired"":false,""selected_at"":""2022-01-28T23:27:09.787Z"",""already_seen"":false,""selection_state"":""normal"",""finished_workflow"":false,""user_has_finished_workflow"":false},""workflow_translation_id"":""48097""}","[{""task"":""T0"",""task_label"":""**Please identify the branching patterns that best corresponds to the image shown**\n"",""value"":""Irregular (Random)""}]","{""72170268"":{""retired"":null,""Filename"":""PDLS01116_DF223JPEG_cropped_resized(a).jpg""}}",72170268,Irregular (Random),0,1,16,17,94.12%,94.12%,,5.88%,,,
393167944,mvonkonrat,675706,de4ef4d0be2ca097a134,19282,Stem and Branching Patterns,17.51,2022-01-28 23:27:46 UTC,,,"{""source"":""api"",""session"":""4fe2ccb16c1217e64dbaecb9619c1a48acc860238c27ea7f4b00a6ad219badc2"",""viewport"":{""width"":1920,""height"":1007},""started_at"":""2022-01-28T23:27:43.426Z"",""user_agent"":""Mozilla/5.0 (X11; Linux x86_64) AppleWebKit/537.36 (KHTML, like Gecko) Chrome/97.0.4692.71 Safari/537.36"",""utc_offset"":""21600"",""finished_at"":""2022-01-28T23:27:46.697Z"",""live_project"":true,""interventions"":{""opt_in"":true,""messageShown"":false},""user_language"":""en"",""user_group_ids"":[2274058,2219593],""subject_dimensions"":[{""clientWidth"":202,""clientHeight"":208,""naturalWidth"":202,""naturalHeight"":208}],""subject_selection_state"":{""retired"":false,""selected_at"":""2022-01-28T23:27:40.978Z"",""already_seen"":false,""selection_state"":""normal"",""finished_workflow"":false,""user_has_finished_workflow"":false},""workflow_translation_id"":""48097""}","[{""task"":""T0"",""task_label"":""**Please identify the branching patterns that best corresponds to the image shown**\n"",""value"":""Irregular (Random)""}]","{""72170301"":{""retired"":null,""Filename"":""Shaw16641_D255JPEG(e).png""}}",72170301,Irregular (Random),4,3,10,17,58.82%,58.82%,,17.65%,Not Sure,,
393167950,mvonkonrat,675706,de4ef4d0be2ca097a134,19282,Stem and Branching Patterns,17.51,2022-01-28 23:27:49 UTC,,,"{""source"":""api"",""session"":""4fe2ccb16c1217e64dbaecb9619c1a48acc860238c27ea7f4b00a6ad219badc2"",""viewport"":{""width"":1920,""height"":1007},""started_at"":""2022-01-28T23:27:46.704Z"",""user_agent"":""Mozilla/5.0 (X11; Linux x86_64) AppleWebKit/537.36 (KHTML, like Gecko) Chrome/97.0.4692.71 Safari/537.36"",""utc_offset"":""21600"",""finished_at"":""2022-01-28T23:27:49.347Z"",""live_project"":true,""interventions"":{""opt_in"":true,""messageShown"":false},""user_language"":""en"",""user_group_ids"":[2274058,2219593],""subject_dimensions"":[{""clientWidth"":166,""clientHeight"":248,""naturalWidth"":166,""naturalHeight"":248}],""subject_selection_state"":{""retired"":false,""selected_at"":""2022-01-28T23:27:40.978Z"",""already_seen"":false,""selection_state"":""normal"",""finished_workflow"":false,""user_has_finished_workflow"":false},""workflow_translation_id"":""48097""}","[{""task"":""T0"",""task_label"":""**Please identify the branching patterns that best corresponds to the image shown**\n"",""value"":""Irregular (Random)""}]","{""72170299"":{""retired"":null,""Filename"":""Shaw16641_D255JPEG(c).png""}}",72170299,Irregular (Random),4,0,13,17,76.47%,76.47%,,0.00%,Not Sure,,
393167959,mvonkonrat,675706,de4ef4d0be2ca097a134,19282,Stem and Branching Patterns,17.51,2022-01-28 23:27:52 UTC,,,"{""source"":""api"",""session"":""4fe2ccb16c1217e64dbaecb9619c1a48acc860238c27ea7f4b00a6ad219badc2"",""viewport"":{""width"":1920,""height"":1007},""started_at"":""2022-01-28T23:27:49.363Z"",""user_agent"":""Mozilla/5.0 (X11; Linux x86_64) AppleWebKit/537.36 (KHTML, like Gecko) Chrome/97.0.4692.71 Safari/537.36"",""utc_offset"":""21600"",""finished_at"":""2022-01-28T23:27:52.723Z"",""live_project"":true,""interventions"":{""opt_in"":true,""messageShown"":false},""user_language"":""en"",""user_group_ids"":[2274058,2219593],""subject_dimensions"":[{""clientWidth"":599,""clientHeight"":906,""naturalWidth"":1800,""naturalHeight"":2725}],""subject_selection_state"":{""retired"":false,""selected_at"":""2022-01-28T23:27:40.978Z"",""already_seen"":false,""selection_state"":""normal"",""finished_workflow"":false,""user_has_finished_workflow"":false},""workflow_translation_id"":""48097""}","[{""task"":""T0"",""task_label"":""**Please identify the branching patterns that best corresponds to the image shown**\n"",""value"":""Irregular (Random)""}]","{""72170223"":{""retired"":null,""Filename"":""PDLK225_AK305241_DF046_MALEJPEG(.jpg""}}",72170223,Irregular (Random),1,8,9,18,50.00%,50.00%,,44.44%,Not Sure,,
393167973,mvonkonrat,675706,de4ef4d0be2ca097a134,19282,Stem and Branching Patterns,17.51,2022-01-28 23:27:58 UTC,,,"{""source"":""api"",""session"":""4fe2ccb16c1217e64dbaecb9619c1a48acc860238c27ea7f4b00a6ad219badc2"",""viewport"":{""width"":1920,""height"":1007},""started_at"":""2022-01-28T23:27:52.732Z"",""user_agent"":""Mozilla/5.0 (X11; Linux x86_64) AppleWebKit/537.36 (KHTML, like Gecko) Chrome/97.0.4692.71 Safari/537.36"",""utc_offset"":""21600"",""finished_at"":""2022-01-28T23:27:58.113Z"",""live_project"":true,""interventions"":{""opt_in"":true,""messageShown"":false},""user_language"":""en"",""user_group_ids"":[2274058,2219593],""subject_dimensions"":[{""clientWidth"":1336,""clientHeight"":906,""naturalWidth"":1800,""naturalHeight"":1221}],""subject_selection_state"":{""retired"":false,""selected_at"":""2022-01-28T23:27:40.978Z"",""already_seen"":false,""selection_state"":""normal"",""finished_workflow"":false,""user_has_finished_workflow"":false},""workflow_translation_id"":""48097""}","[{""task"":""T0"",""task_label"":""**Please identify the branching patterns that best corresponds to the image shown**\n"",""value"":""Regular (Structured)""}]","{""72170292"":{""retired"":null,""Filename"":""PDLS99168BJPEG_cropped_resized.jpg""}}",72170292,Regular (Structured),0,12,6,18,66.67%,66.67%,,33.33%,,,Regular
393167981,mvonkonrat,675706,de4ef4d0be2ca097a134,19282,Stem and Branching Patterns,17.51,2022-01-28 23:28:00 UTC,,,"{""source"":""api"",""session"":""4fe2ccb16c1217e64dbaecb9619c1a48acc860238c27ea7f4b00a6ad219badc2"",""viewport"":{""width"":1920,""height"":1007},""started_at"":""2022-01-28T23:27:58.129Z"",""user_agent"":""Mozilla/5.0 (X11; Linux x86_64) AppleWebKit/537.36 (KHTML, like Gecko) Chrome/97.0.4692.71 Safari/537.36"",""utc_offset"":""21600"",""finished_at"":""2022-01-28T23:28:00.636Z"",""live_project"":true,""interventions"":{""opt_in"":true,""messageShown"":false},""user_language"":""en"",""user_group_ids"":[2274058,2219593],""subject_dimensions"":[{""clientWidth"":182,""clientHeight"":264,""naturalWidth"":182,""naturalHeight"":264}],""subject_selection_state"":{""retired"":false,""selected_at"":""2022-01-28T23:27:40.978Z"",""already_seen"":false,""selection_state"":""normal"",""finished_workflow"":false,""user_has_finished_workflow"":false},""workflow_translation_id"":""48097""}","[{""task"":""T0"",""task_label"":""**Please identify the branching patterns that best corresponds to the image shown**\n"",""value"":""Irregular (Random)""}]","{""72170302"":{""retired"":null,""Filename"":""Shaw16641_D255JPEG(f).png""}}",72170302,Irregular (Random),1,2,12,15,80.00%,80.00%,,13.33%,,,
393167996,mvonkonrat,675706,de4ef4d0be2ca097a134,19282,Stem and Branching Patterns,17.51,2022-01-28 23:28:09 UTC,,,"{""source"":""api"",""session"":""4fe2ccb16c1217e64dbaecb9619c1a48acc860238c27ea7f4b00a6ad219badc2"",""viewport"":{""width"":1920,""height"":1007},""started_at"":""2022-01-28T23:28:00.643Z"",""user_agent"":""Mozilla/5.0 (X11; Linux x86_64) AppleWebKit/537.36 (KHTML, like Gecko) Chrome/97.0.4692.71 Safari/537.36"",""utc_offset"":""21600"",""finished_at"":""2022-01-28T23:28:09.325Z"",""live_project"":true,""interventions"":{""opt_in"":true,""messageShown"":false},""user_language"":""en"",""user_group_ids"":[2274058,2219593],""subject_dimensions"":[{""clientWidth"":651,""clientHeight"":906,""naturalWidth"":1800,""naturalHeight"":2505}],""subject_selection_state"":{""retired"":false,""selected_at"":""2022-01-28T23:27:40.978Z"",""already_seen"":false,""selection_state"":""normal"",""finished_workflow"":false,""user_has_finished_workflow"":false},""workflow_translation_id"":""48097""}","[{""task"":""T0"",""task_label"":""**Please identify the branching patterns that best corresponds to the image shown**\n"",""value"":""Not Sure""}]","{""72170267"":{""retired"":null,""Filename"":""PDLS1038KJPEG_b(1).jpg""}}",72170267,Not Sure,3,6,10,19,15.79%,,15.79%,,Not Sure,,
393168003,mvonkonrat,675706,de4ef4d0be2ca097a134,19282,Stem and Branching Patterns,17.51,2022-01-28 23:28:12 UTC,,,"{""source"":""api"",""session"":""4fe2ccb16c1217e64dbaecb9619c1a48acc860238c27ea7f4b00a6ad219badc2"",""viewport"":{""width"":1920,""height"":1007},""started_at"":""2022-01-28T23:28:09.342Z"",""user_agent"":""Mozilla/5.0 (X11; Linux x86_64) AppleWebKit/537.36 (KHTML, like Gecko) Chrome/97.0.4692.71 Safari/537.36"",""utc_offset"":""21600"",""finished_at"":""2022-01-28T23:28:12.148Z"",""live_project"":true,""interventions"":{""opt_in"":true,""messageShown"":false},""user_language"":""en"",""user_group_ids"":[2274058,2219593],""subject_dimensions"":[{""clientWidth"":530,""clientHeight"":906,""naturalWidth"":1800,""naturalHeight"":3078}],""subject_selection_state"":{""retired"":false,""selected_at"":""2022-01-28T23:27:40.978Z"",""already_seen"":false,""selection_state"":""normal"",""finished_workflow"":false,""user_has_finished_workflow"":false},""workflow_translation_id"":""48097""}","[{""task"":""T0"",""task_label"":""**Please identify the branching patterns that best corresponds to the image shown**\n"",""value"":""Irregular (Random)""}]","{""72170309"":{""retired"":null,""Filename"":""Shaw17619_D384JPEG(a).jpg""}}",72170309,Irregular (Random),1,4,10,15,66.67%,66.67%,,26.67%,,,
393168012,mvonkonrat,675706,de4ef4d0be2ca097a134,19282,Stem and Branching Patterns,17.51,2022-01-28 23:28:16 UTC,,,"{""source"":""api"",""session"":""4fe2ccb16c1217e64dbaecb9619c1a48acc860238c27ea7f4b00a6ad219badc2"",""viewport"":{""width"":1920,""height"":1007},""started_at"":""2022-01-28T23:28:12.157Z"",""user_agent"":""Mozilla/5.0 (X11; Linux x86_64) AppleWebKit/537.36 (KHTML, like Gecko) Chrome/97.0.4692.71 Safari/537.36"",""utc_offset"":""21600"",""finished_at"":""2022-01-28T23:28:16.504Z"",""live_project"":true,""interventions"":{""opt_in"":true,""messageShown"":false},""user_language"":""en"",""user_group_ids"":[2274058,2219593],""subject_dimensions"":[{""clientWidth"":829,""clientHeight"":906,""naturalWidth"":1800,""naturalHeight"":1967}],""subject_selection_state"":{""retired"":false,""selected_at"":""2022-01-28T23:27:40.978Z"",""already_seen"":false,""selection_state"":""normal"",""finished_workflow"":false,""user_has_finished_workflow"":false},""workflow_translation_id"":""48097""}","[{""task"":""T0"",""task_label"":""**Please identify the branching patterns that best corresponds to the image shown**\n"",""value"":""Not Sure""}]","{""72170277"":{""retired"":null,""Filename"":""PDLS01116_DF223JPEG_cropped_resized(j).jpg""}}",72170277,Not Sure,3,7,6,16,18.75%,,18.75%,,Not Sure,,
393168017,mvonkonrat,675706,de4ef4d0be2ca097a134,19282,Stem and Branching Patterns,17.51,2022-01-28 23:28:19 UTC,,,"{""source"":""api"",""session"":""4fe2ccb16c1217e64dbaecb9619c1a48acc860238c27ea7f4b00a6ad219badc2"",""viewport"":{""width"":1920,""height"":1007},""started_at"":""2022-01-28T23:28:16.522Z"",""user_agent"":""Mozilla/5.0 (X11; Linux x86_64) AppleWebKit/537.36 (KHTML, like Gecko) Chrome/97.0.4692.71 Safari/537.36"",""utc_offset"":""21600"",""finished_at"":""2022-01-28T23:28:19.323Z"",""live_project"":true,""interventions"":{""opt_in"":true,""messageShown"":false},""user_language"":""en"",""user_group_ids"":[2274058,2219593],""subject_dimensions"":[{""clientWidth"":1272,""clientHeight"":906,""naturalWidth"":1800,""naturalHeight"":1282}],""subject_selection_state"":{""retired"":false,""selected_at"":""2022-01-28T23:27:40.978Z"",""already_seen"":false,""selection_state"":""normal"",""finished_workflow"":false,""user_has_finished_workflow"":false},""workflow_translation_id"":""48097""}","[{""task"":""T0"",""task_label"":""**Please identify the branching patterns that best corresponds to the image shown**\n"",""value"":""Regular (Structured)""}]","{""72170177"":{""retired"":null,""Filename"":""MVK15032NCJPEG_b.jpg""}}",72170177,Regular (Structured),1,7,7,15,46.67%,46.67%,,46.67%,Not Sure,,
393168026,mvonkonrat,675706,de4ef4d0be2ca097a134,19282,Stem and Branching Patterns,17.51,2022-01-28 23:28:25 UTC,,,"{""source"":""api"",""session"":""4fe2ccb16c1217e64dbaecb9619c1a48acc860238c27ea7f4b00a6ad219badc2"",""viewport"":{""width"":1920,""height"":1007},""started_at"":""2022-01-28T23:28:19.478Z"",""user_agent"":""Mozilla/5.0 (X11; Linux x86_64) AppleWebKit/537.36 (KHTML, like Gecko) Chrome/97.0.4692.71 Safari/537.36"",""utc_offset"":""21600"",""finished_at"":""2022-01-28T23:28:25.605Z"",""live_project"":true,""interventions"":{""opt_in"":true,""messageShown"":false},""user_language"":""en"",""user_group_ids"":[2274058,2219593],""subject_dimensions"":[null],""subject_selection_state"":{""retired"":false,""selected_at"":""2022-01-28T23:27:40.978Z"",""already_seen"":false,""selection_state"":""normal"",""finished_workflow"":false,""user_has_finished_workflow"":false},""workflow_translation_id"":""48097""}","[{""task"":""T0"",""task_label"":""**Please identify the branching patterns that best corresponds to the image shown**\n"",""value"":""Regular (Structured)""}]","{""72170192"":{""retired"":null,""Filename"":""PDL11454JPEG(a).jpg""}}",72170192,Regular (Structured),1,12,2,15,80.00%,80.00%,,13.33%,,,Regular
393168041,mvonkonrat,675706,de4ef4d0be2ca097a134,19282,Stem and Branching Patterns,17.51,2022-01-28 23:28:32 UTC,,,"{""source"":""api"",""session"":""4fe2ccb16c1217e64dbaecb9619c1a48acc860238c27ea7f4b00a6ad219badc2"",""viewport"":{""width"":1920,""height"":1007},""started_at"":""2022-01-28T23:28:25.621Z"",""user_agent"":""Mozilla/5.0 (X11; Linux x86_64) AppleWebKit/537.36 (KHTML, like Gecko) Chrome/97.0.4692.71 Safari/537.36"",""utc_offset"":""21600"",""finished_at"":""2022-01-28T23:28:32.171Z"",""live_project"":true,""interventions"":{""opt_in"":true,""messageShown"":false},""user_language"":""en"",""user_group_ids"":[2274058,2219593],""subject_dimensions"":[{""clientWidth"":1311,""clientHeight"":906,""naturalWidth"":1800,""naturalHeight"":1244}],""subject_selection_state"":{""retired"":false,""selected_at"":""2022-01-28T23:28:19.408Z"",""already_seen"":false,""selection_state"":""normal"",""finished_workflow"":false,""user_has_finished_workflow"":false},""workflow_translation_id"":""48097""}","[{""task"":""T0"",""task_label"":""**Please identify the branching patterns that best corresponds to the image shown**\n"",""value"":""Irregular (Random)""}]","{""72170224"":{""retired"":null,""Filename"":""PDLK225_AK305241_DF046_MALEJPEG(a).jpg""}}",72170224,Irregular (Random),3,4,11,18,61.11%,61.11%,,22.22%,,,
393168053,mvonkonrat,675706,de4ef4d0be2ca097a134,19282,Stem and Branching Patterns,17.51,2022-01-28 23:28:35 UTC,,,"{""source"":""api"",""session"":""4fe2ccb16c1217e64dbaecb9619c1a48acc860238c27ea7f4b00a6ad219badc2"",""viewport"":{""width"":1920,""height"":1007},""started_at"":""2022-01-28T23:28:32.188Z"",""user_agent"":""Mozilla/5.0 (X11; Linux x86_64) AppleWebKit/537.36 (KHTML, like Gecko) Chrome/97.0.4692.71 Safari/537.36"",""utc_offset"":""21600"",""finished_at"":""2022-01-28T23:28:35.894Z"",""live_project"":true,""interventions"":{""opt_in"":true,""messageShown"":false},""user_language"":""en"",""user_group_ids"":[2274058,2219593],""subject_dimensions"":[{""clientWidth"":1118,""clientHeight"":906,""naturalWidth"":1800,""naturalHeight"":1459}],""subject_selection_state"":{""retired"":false,""selected_at"":""2022-01-28T23:28:19.408Z"",""already_seen"":false,""selection_state"":""normal"",""finished_workflow"":false,""user_has_finished_workflow"":false},""workflow_translation_id"":""48097""}","[{""task"":""T0"",""task_label"":""**Please identify the branching patterns that best corresponds to the image shown**\n"",""value"":""Irregular (Random)""}]","{""72170266"":{""retired"":null,""Filename"":""PDLS1038KJPEG_a.jpg""}}",72170266,Irregular (Random),0,9,8,17,47.06%,47.06%,,52.94%,Not Sure,,
393168067,mvonkonrat,675706,de4ef4d0be2ca097a134,19282,Stem and Branching Patterns,17.51,2022-01-28 23:28:41 UTC,,,"{""source"":""api"",""session"":""4fe2ccb16c1217e64dbaecb9619c1a48acc860238c27ea7f4b00a6ad219badc2"",""viewport"":{""width"":1920,""height"":1007},""started_at"":""2022-01-28T23:28:35.910Z"",""user_agent"":""Mozilla/5.0 (X11; Linux x86_64) AppleWebKit/537.36 (KHTML, like Gecko) Chrome/97.0.4692.71 Safari/537.36"",""utc_offset"":""21600"",""finished_at"":""2022-01-28T23:28:41.901Z"",""live_project"":true,""interventions"":{""opt_in"":true,""messageShown"":false},""user_language"":""en"",""user_group_ids"":[2274058,2219593],""subject_dimensions"":[{""clientWidth"":533,""clientHeight"":906,""naturalWidth"":1800,""naturalHeight"":3060}],""subject_selection_state"":{""retired"":false,""selected_at"":""2022-01-28T23:28:19.408Z"",""already_seen"":false,""selection_state"":""normal"",""finished_workflow"":false,""user_has_finished_workflow"":false},""workflow_translation_id"":""48097""}","[{""task"":""T0"",""task_label"":""**Please identify the branching patterns that best corresponds to the image shown**\n"",""value"":""Not Sure""}]","{""72170236"":{""retired"":null,""Filename"":""PDLS003F_D450_cropped_resized(b).jpg""}}",72170236,Not Sure,3,5,7,15,20.00%,,20.00%,,Not Sure,,
393168078,mvonkonrat,675706,de4ef4d0be2ca097a134,19282,Stem and Branching Patterns,17.51,2022-01-28 23:28:46 UTC,,,"{""source"":""api"",""session"":""4fe2ccb16c1217e64dbaecb9619c1a48acc860238c27ea7f4b00a6ad219badc2"",""viewport"":{""width"":1920,""height"":1007},""started_at"":""2022-01-28T23:28:41.919Z"",""user_agent"":""Mozilla/5.0 (X11; Linux x86_64) AppleWebKit/537.36 (KHTML, like Gecko) Chrome/97.0.4692.71 Safari/537.36"",""utc_offset"":""21600"",""finished_at"":""2022-01-28T23:28:46.204Z"",""live_project"":true,""interventions"":{""opt_in"":true,""messageShown"":false},""user_language"":""en"",""user_group_ids"":[2274058,2219593],""subject_dimensions"":[{""clientWidth"":1035,""clientHeight"":906,""naturalWidth"":1800,""naturalHeight"":1576}],""subject_selection_state"":{""retired"":false,""selected_at"":""2022-01-28T23:28:19.408Z"",""already_seen"":false,""selection_state"":""normal"",""finished_workflow"":false,""user_has_finished_workflow"":false},""workflow_translation_id"":""48097""}","[{""task"":""T0"",""task_label"":""**Please identify the branching patterns that best corresponds to the image shown**\n"",""value"":""Irregular (Random)""}]","{""72170269"":{""retired"":null,""Filename"":""PDLS01116_DF223JPEG_cropped_resized(b).jpg""}}",72170269,Irregular (Random),4,1,11,16,68.75%,68.75%,,6.25%,Not Sure,,
393168084,mvonkonrat,675706,de4ef4d0be2ca097a134,19282,Stem and Branching Patterns,17.51,2022-01-28 23:28:49 UTC,,,"{""source"":""api"",""session"":""4fe2ccb16c1217e64dbaecb9619c1a48acc860238c27ea7f4b00a6ad219badc2"",""viewport"":{""width"":1920,""height"":1007},""started_at"":""2022-01-28T23:28:46.219Z"",""user_agent"":""Mozilla/5.0 (X11; Linux x86_64) AppleWebKit/537.36 (KHTML, like Gecko) Chrome/97.0.4692.71 Safari/537.36"",""utc_offset"":""21600"",""finished_at"":""2022-01-28T23:28:49.385Z"",""live_project"":true,""interventions"":{""opt_in"":true,""messageShown"":false},""user_language"":""en"",""user_group_ids"":[2274058,2219593],""subject_dimensions"":[{""clientWidth"":1148,""clientHeight"":906,""naturalWidth"":1800,""naturalHeight"":1421}],""subject_selection_state"":{""retired"":false,""selected_at"":""2022-01-28T23:28:19.408Z"",""already_seen"":false,""selection_state"":""normal"",""finished_workflow"":false,""user_has_finished_workflow"":false},""workflow_translation_id"":""48097""}","[{""task"":""T0"",""task_label"":""**Please identify the branching patterns that best corresponds to the image shown**\n"",""value"":""Irregular (Random)""}]","{""72170157"":{""retired"":null,""Filename"":""MVK10-5-29F_DF286JPEG_cropped_resized(j).jpg""}}",72170157,Irregular (Random),0,6,9,15,60.00%,60.00%,,40.00%,Not Sure,,
393168089,mvonkonrat,675706,de4ef4d0be2ca097a134,19282,Stem and Branching Patterns,17.51,2022-01-28 23:28:51 UTC,,,"{""source"":""api"",""session"":""4fe2ccb16c1217e64dbaecb9619c1a48acc860238c27ea7f4b00a6ad219badc2"",""viewport"":{""width"":1920,""height"":1007},""started_at"":""2022-01-28T23:28:49.392Z"",""user_agent"":""Mozilla/5.0 (X11; Linux x86_64) AppleWebKit/537.36 (KHTML, like Gecko) Chrome/97.0.4692.71 Safari/537.36"",""utc_offset"":""21600"",""finished_at"":""2022-01-28T23:28:51.918Z"",""live_project"":true,""interventions"":{""opt_in"":true,""messageShown"":false},""user_language"":""en"",""user_group_ids"":[2274058,2219593],""subject_dimensions"":[{""clientWidth"":1343,""clientHeight"":684,""naturalWidth"":1800,""naturalHeight"":916}],""subject_selection_state"":{""retired"":false,""selected_at"":""2022-01-28T23:28:19.408Z"",""already_seen"":false,""selection_state"":""normal"",""finished_workflow"":false,""user_has_finished_workflow"":false},""workflow_translation_id"":""48097""}","[{""task"":""T0"",""task_label"":""**Please identify the branching patterns that best corresponds to the image shown**\n"",""value"":""Regular (Structured)""}]","{""72170241"":{""retired"":null,""Filename"":""PDLS003F_D450JPEG_cropped_resized(c).jpg""}}",72170241,Regular (Structured),3,11,2,16,68.75%,68.75%,,12.50%,,,Regular
393168100,mvonkonrat,675706,de4ef4d0be2ca097a134,19282,Stem and Branching Patterns,17.51,2022-01-28 23:28:54 UTC,,,"{""source"":""api"",""session"":""4fe2ccb16c1217e64dbaecb9619c1a48acc860238c27ea7f4b00a6ad219badc2"",""viewport"":{""width"":1920,""height"":1007},""started_at"":""2022-01-28T23:28:51.925Z"",""user_agent"":""Mozilla/5.0 (X11; Linux x86_64) AppleWebKit/537.36 (KHTML, like Gecko) Chrome/97.0.4692.71 Safari/537.36"",""utc_offset"":""21600"",""finished_at"":""2022-01-28T23:28:54.813Z"",""live_project"":true,""interventions"":{""opt_in"":true,""messageShown"":false},""user_language"":""en"",""user_group_ids"":[2274058,2219593],""subject_dimensions"":[{""clientWidth"":1343,""clientHeight"":884,""naturalWidth"":1800,""naturalHeight"":1185}],""subject_selection_state"":{""retired"":false,""selected_at"":""2022-01-28T23:28:19.408Z"",""already_seen"":false,""selection_state"":""normal"",""finished_workflow"":false,""user_has_finished_workflow"":false},""workflow_translation_id"":""48097""}","[{""task"":""T0"",""task_label"":""**Please identify the branching patterns that best corresponds to the image shown**\n"",""value"":""Irregular (Random)""}]","{""72170294"":{""retired"":null,""Filename"":""PDLS99185BJPEG_a(1).jpg""}}",72170294,Irregular (Random),2,3,10,15,66.67%,66.67%,,20.00%,,,
393168112,mvonkonrat,675706,de4ef4d0be2ca097a134,19282,Stem and Branching Patterns,17.51,2022-01-28 23:29:01 UTC,,,"{""source"":""api"",""session"":""4fe2ccb16c1217e64dbaecb9619c1a48acc860238c27ea7f4b00a6ad219badc2"",""viewport"":{""width"":1920,""height"":1007},""started_at"":""2022-01-28T23:28:54.820Z"",""user_agent"":""Mozilla/5.0 (X11; Linux x86_64) AppleWebKit/537.36 (KHTML, like Gecko) Chrome/97.0.4692.71 Safari/537.36"",""utc_offset"":""21600"",""finished_at"":""2022-01-28T23:29:01.288Z"",""live_project"":true,""interventions"":{""opt_in"":true,""messageShown"":false},""user_language"":""en"",""user_group_ids"":[2274058,2219593],""subject_dimensions"":[{""clientWidth"":1311,""clientHeight"":906,""naturalWidth"":1800,""naturalHeight"":1244}],""subject_selection_state"":{""retired"":false,""selected_at"":""2022-01-28T23:28:19.408Z"",""already_seen"":false,""selection_state"":""normal"",""finished_workflow"":false,""user_has_finished_workflow"":false},""workflow_translation_id"":""48097""}","[{""task"":""T0"",""task_label"":""**Please identify the branching patterns that best corresponds to the image shown**\n"",""value"":""Irregular (Random)""}]","{""72170230"":{""retired"":null,""Filename"":""PDLK376_DF064JPEG(c).jpg""}}",72170230,Irregular (Random),1,5,12,18,66.67%,66.67%,,27.78%,,,
393168119,mvonkonrat,675706,de4ef4d0be2ca097a134,19282,Stem and Branching Patterns,17.51,2022-01-28 23:29:03 UTC,,,"{""source"":""api"",""session"":""4fe2ccb16c1217e64dbaecb9619c1a48acc860238c27ea7f4b00a6ad219badc2"",""viewport"":{""width"":1920,""height"":1007},""started_at"":""2022-01-28T23:29:01.304Z"",""user_agent"":""Mozilla/5.0 (X11; Linux x86_64) AppleWebKit/537.36 (KHTML, like Gecko) Chrome/97.0.4692.71 Safari/537.36"",""utc_offset"":""21600"",""finished_at"":""2022-01-28T23:29:03.831Z"",""live_project"":true,""interventions"":{""opt_in"":true,""messageShown"":false},""user_language"":""en"",""user_group_ids"":[2274058,2219593],""subject_dimensions"":[{""clientWidth"":910,""clientHeight"":532,""naturalWidth"":910,""naturalHeight"":532}],""subject_selection_state"":{""retired"":false,""selected_at"":""2022-01-28T23:28:19.408Z"",""already_seen"":false,""selection_state"":""normal"",""finished_workflow"":false,""user_has_finished_workflow"":false},""workflow_translation_id"":""48097""}","[{""task"":""T0"",""task_label"":""**Please identify the branching patterns that best corresponds to the image shown**\n"",""value"":""Regular (Structured)""}]","{""72170246"":{""retired"":null,""Filename"":""PDLS0063_D467JPEG(a).png""}}",72170246,Regular (Structured),0,11,4,15,73.33%,73.33%,,26.67%,,,Regular
,,,,,,,,,,,,,,,,,,Minimum,7.14%,33.33%,#VALUE!,,#DIV/0!,,
,,,,,,,,,,,,,,,,,,,100.00%,,,,#DIV/0!,,
,,,,,,,,,,,,,,,,,,,,,,,,,
,,,,,,,,,,,,,,,,,,,,,,Parameters,,Parameters,
,,,,,,,,,,,,,,,,,,,,,,Not sure cutoff,0.19,Regular cutoff,0.60
,,,,,,,,,,,,,,,,,,,,,,Diff between reg and irreg,0.30,,