,expert_classification,total_classifications,public_counts,percent_match,percent_sure,percent_not_sure,expert_classification_id,expert_user_id,workflow_id,expert_classified_at,subject_filename,public_classification_ids
72170226,Male,8,"{'Not sure': 0, 'Sterile': 0, 'Female ': 0, 'Male': 8, 'Both Female and Male': 0}",100.0,0.0,0.0,393163632,675706,19279,2022-01-28 22:58:15 UTC,PDLK225_AK305241_DF046_MALEJPEG(d).jpg,"{0: [], 1: [], 2: [], 3: ['393163632', '393286095', '393316167', '393442330', '393478243', '393606765', '393688234', '393825184'], 4: []}"
72170268,Female ,5,"{'Not sure': 0, 'Sterile': 0, 'Female ': 5, 'Male': 0, 'Both Female and Male': 0}",100.0,100.0,0.0,393163775,675706,19279,2022-01-28 22:59:05 UTC,PDLS01116_DF223JPEG_cropped_resized(a).jpg,"{0: [], 1: [], 2: ['393163775', '393316667', '393454664', '393480605', '393825539'], 3: [], 4: []}"
72170188,Sterile,8,"{'Not sure': 1, 'Sterile': 7, 'Female ': 0, 'Male': 0, 'Both Female and Male': 0}",87.5,87.5,12.5,393163808,675706,19279,2022-01-28 22:59:17 UTC,PDL11215JPEG(a).png,"{0: ['393408799'], 1: ['393163808', '393253685', '393315519', '393367031', '393479512', '393606346', '393825371'], 2: [], 3: [], 4: []}"
72170174,Sterile,7,"{'Not sure': 0, 'Sterile': 7, 'Female ': 0, 'Male': 0, 'Both Female and Male': 0}",100.0,100.0,0.0,393163826,675706,19279,2022-01-28 22:59:23 UTC,MVK6500JPEG(b).jpg,"{0: [], 1: ['393163826', '393286896', '393316825', '393372189', '393601104', '393786634', '393825203'], 2: [], 3: [], 4: []}"
72170254,Sterile,6,"{'Not sure': 0, 'Sterile': 6, 'Female ': 0, 'Male': 0, 'Both Female and Male': 0}",100.0,100.0,0.0,393163836,675706,19279,2022-01-28 22:59:26 UTC,PDLS0078FJPEG_cropped_resized(c).jpg,"{0: [], 1: ['393162233', '393163836', '393317323', '393479479', '393603485', '393825390'], 2: [], 3: [], 4: []}"
72170309,Sterile,5,"{'Not sure': 0, 'Sterile': 5, 'Female ': 0, 'Male': 0, 'Both Female and Male': 0}",100.0,100.0,0.0,393163851,675706,19279,2022-01-28 22:59:30 UTC,Shaw17619_D384JPEG(a).jpg,"{0: [], 1: ['393163851', '393316494', '393480560', '393602130', '393834024'], 2: [], 3: [], 4: []}"
72170175,Sterile,6,"{'Not sure': 0, 'Sterile': 6, 'Female ': 0, 'Male': 0, 'Both Female and Male': 0}",100.0,100.0,0.0,393163860,675706,19279,2022-01-28 22:59:34 UTC,MVK6500JPEG(c).jpg,"{0: [], 1: ['393162122', '393163860', '393315455', '393546039', '393606115', '393825584'], 2: [], 3: [], 4: []}"
72170288,Not sure,7,"{'Not sure': 1, 'Sterile': 5, 'Female ': 0, 'Male': 0, 'Both Female and Male': 1}",14.29,71.43,14.29,393163933,675706,19279,2022-01-28 23:00:00 UTC,PDLS99155AJPEG_cropped_resized(b).jpg,"{0: ['393163933'], 1: ['393317329', '393442767', '393480715', '393604401', '393825143'], 2: [], 3: [], 4: ['393471503']}"
72170298,Female ,6,"{'Not sure': 1, 'Sterile': 0, 'Female ': 5, 'Male': 0, 'Both Female and Male': 0}",83.33,83.33,16.67,393164001,675706,19279,2022-01-28 23:00:30 UTC,Shaw16641_D255JPEG(b).png,"{0: ['393162098'], 1: [], 2: ['393164001', '393254028', '393316465', '393633843', '393834303'], 3: [], 4: []}"
72170195,Sterile,4,"{'Not sure': 0, 'Sterile': 4, 'Female ': 0, 'Male': 0, 'Both Female and Male': 0}",100.0,100.0,0.0,393164028,675706,19279,2022-01-28 23:00:36 UTC,PDL11489JPEG(a).jpg,"{0: [], 1: ['393164028', '393316366', '393602139', '393834313'], 2: [], 3: [], 4: []}"
72170154,Sterile,6,"{'Not sure': 1, 'Sterile': 4, 'Female ': 0, 'Male': 1, 'Both Female and Male': 0}",66.67,66.67,16.67,393164046,675706,19279,2022-01-28 23:00:42 UTC,MVK10-5-29F_DF286JPEG_cropped_resized(g).jpg,"{0: ['393162477'], 1: ['393164046', '393316835', '393688434', '393834459'], 2: [], 3: ['393258258'], 4: []}"
72170271,Sterile,7,"{'Not sure': 0, 'Sterile': 7, 'Female ': 0, 'Male': 0, 'Both Female and Male': 0}",100.0,100.0,0.0,393164059,675706,19279,2022-01-28 23:00:45 UTC,PDLS01116_DF223JPEG_cropped_resized(d).jpg,"{0: [], 1: ['393162133', '393164059', '393285495', '393315340', '393442205', '393602465', '393834030'], 2: [], 3: [], 4: []}"
72170241,Sterile,3,"{'Not sure': 0, 'Sterile': 3, 'Female ': 0, 'Male': 0, 'Both Female and Male': 0}",100.0,100.0,0.0,393164068,675706,19279,2022-01-28 23:00:48 UTC,PDLS003F_D450JPEG_cropped_resized(c).jpg,"{0: [], 1: ['393164068', '393315723', '393825578'], 2: [], 3: [], 4: []}"
72170203,Sterile,5,"{'Not sure': 0, 'Sterile': 5, 'Female ': 0, 'Male': 0, 'Both Female and Male': 0}",100.0,100.0,0.0,393164080,675706,19279,2022-01-28 23:00:51 UTC,PDL11594JPEG(b).jpg,"{0: [], 1: ['393164080', '393316640', '393607540', '393688756', '393834488'], 2: [], 3: [], 4: []}"
72170232,Sterile,6,"{'Not sure': 1, 'Sterile': 5, 'Female ': 0, 'Male': 0, 'Both Female and Male': 0}",83.33,83.33,16.67,393164088,675706,19279,2022-01-28 23:00:54 UTC,PDLS003_D450JPEG(b).jpg,"{0: ['393253723'], 1: ['393164088', '393253453', '393316339', '393603560', '393825131'], 2: [], 3: [], 4: []}"
72170194,Sterile,7,"{'Not sure': 1, 'Sterile': 5, 'Female ': 0, 'Male': 1, 'Both Female and Male': 0}",71.43,71.43,14.29,393164095,675706,19279,2022-01-28 23:00:57 UTC,PDL11454JPEG(c).jpg,"{0: ['393442285'], 1: ['393164095', '393285104', '393317390', '393637006', '393834049'], 2: [], 3: ['393480857'], 4: []}"
72170192,Sterile,6,"{'Not sure': 0, 'Sterile': 5, 'Female ': 0, 'Male': 1, 'Both Female and Male': 0}",83.33,83.33,0.0,393164112,675706,19279,2022-01-28 23:01:02 UTC,PDL11454JPEG(a).jpg,"{0: [], 1: ['393164112', '393316353', '393455147', '393605300', '393825510'], 2: [], 3: ['393286734'], 4: []}"
72170291,Sterile,7,"{'Not sure': 0, 'Sterile': 7, 'Female ': 0, 'Male': 0, 'Both Female and Male': 0}",100.0,100.0,0.0,393164137,675706,19279,2022-01-28 23:01:10 UTC,PDLS99155AJPEG_cropped_resized(e).jpg,"{0: [], 1: ['393162815', '393164137', '393317625', '393480207', '393633363', '393683838', '393825332'], 2: [], 3: [], 4: []}"
72170239,Sterile,5,"{'Not sure': 0, 'Sterile': 5, 'Female ': 0, 'Male': 0, 'Both Female and Male': 0}",100.0,100.0,0.0,393164150,675706,19279,2022-01-28 23:01:13 UTC,PDLS003F_D450JPEG_cropped_resized(a).jpg,"{0: [], 1: ['393164150', '393284785', '393316632', '393603480', '393834158'], 2: [], 3: [], 4: []}"
72170163,Sterile,8,"{'Not sure': 0, 'Sterile': 8, 'Female ': 0, 'Male': 0, 'Both Female and Male': 0}",100.0,100.0,0.0,393164161,675706,19279,2022-01-28 23:01:16 UTC,MVK10-5-29F_DF286JPEG_cropped_resized(p).jpg,"{0: [], 1: ['393162565', '393164161', '393287007', '393315627', '393442481', '393544429', '393603589', '393824453'], 2: [], 3: [], 4: []}"
72170227,Male,6,"{'Not sure': 0, 'Sterile': 4, 'Female ': 0, 'Male': 2, 'Both Female and Male': 0}",33.33,66.67,0.0,393164248,675706,19279,2022-01-28 23:01:38 UTC,PDLK225_AK305241_DF046_MALEJPEG(e).jpg,"{0: [], 1: ['393315667', '393478198', '393605281', '393834500'], 2: [], 3: ['393164248', '393285421'], 4: []}"
72170148,Sterile,5,"{'Not sure': 2, 'Sterile': 3, 'Female ': 0, 'Male': 0, 'Both Female and Male': 0}",60.0,60.0,40.0,393164277,675706,19279,2022-01-28 23:01:48 UTC,MVK10-5-29F_DF286JPEG_cropped_resized(a).jpg,"{0: ['393286994', '393637206'], 1: ['393164277', '393315264', '393834402'], 2: [], 3: [], 4: []}"
72170294,Female ,4,"{'Not sure': 0, 'Sterile': 0, 'Female ': 4, 'Male': 0, 'Both Female and Male': 0}",100.0,100.0,0.0,393164322,675706,19279,2022-01-28 23:02:01 UTC,PDLS99185BJPEG_a(1).jpg,"{0: [], 1: [], 2: ['393164322', '393316534', '393607986', '393825267'], 3: [], 4: []}"
72170301,Female ,7,"{'Not sure': 0, 'Sterile': 1, 'Female ': 6, 'Male': 0, 'Both Female and Male': 0}",85.71,100.0,0.0,393164396,675706,19279,2022-01-28 23:02:21 UTC,Shaw16641_D255JPEG(e).png,"{0: [], 1: ['393478667'], 2: ['393164396', '393315997', '393372124', '393455370', '393603901', '393825093'], 3: [], 4: []}"
72170193,Sterile,7,"{'Not sure': 0, 'Sterile': 7, 'Female ': 0, 'Male': 0, 'Both Female and Male': 0}",100.0,100.0,0.0,393164413,675706,19279,2022-01-28 23:02:27 UTC,PDL11454JPEG(b).jpg,"{0: [], 1: ['393162687', '393164413', '393317505', '393480669', '393601357', '393786664', '393825346'], 2: [], 3: [], 4: []}"
72170164,Sterile,7,"{'Not sure': 0, 'Sterile': 7, 'Female ': 0, 'Male': 0, 'Both Female and Male': 0}",100.0,100.0,0.0,393164426,675706,19279,2022-01-28 23:02:31 UTC,MVK10-5-29F_DF286JPEG_cropped_resized(q).jpg,"{0: [], 1: ['393164426', '393254408', '393285862', '393316960', '393479587', '393606179', '393834330'], 2: [], 3: [], 4: []}"
72170211,Sterile,6,"{'Not sure': 0, 'Sterile': 4, 'Female ': 0, 'Male': 1, 'Both Female and Male': 1}",66.67,66.67,0.0,393164439,675706,19279,2022-01-28 23:02:34 UTC,PDL11610JPEG_cropped_resized(b).jpg,"{0: [], 1: ['393164439', '393316913', '393633722', '393825087'], 2: [], 3: ['393478280'], 4: ['393252109']}"
72170274,Sterile,7,"{'Not sure': 0, 'Sterile': 5, 'Female ': 1, 'Male': 0, 'Both Female and Male': 1}",71.43,85.71,0.0,393164483,675706,19279,2022-01-28 23:02:50 UTC,PDLS01116_DF223JPEG_cropped_resized(g).jpg,"{0: [], 1: ['393164483', '393317553', '393479503', '393605364', '393834397'], 2: ['393252883'], 3: [], 4: ['393786800']}"
72170166,Male,5,"{'Not sure': 0, 'Sterile': 0, 'Female ': 0, 'Male': 5, 'Both Female and Male': 0}",100.0,0.0,0.0,393164510,675706,19279,2022-01-28 23:03:00 UTC,MVK10-5-29F_DF286JPEG_cropped_resized(s).jpg,"{0: [], 1: [], 2: [], 3: ['393164510', '393315859', '393480588', '393601177', '393825191'], 4: []}"
72170289,Not sure,6,"{'Not sure': 2, 'Sterile': 4, 'Female ': 0, 'Male': 0, 'Both Female and Male': 0}",33.33,66.67,33.33,393164532,675706,19279,2022-01-28 23:03:08 UTC,PDLS99155AJPEG_cropped_resized(c).jpg,"{0: ['393164532', '393687888'], 1: ['393317623', '393480646', '393602115', '393834177'], 2: [], 3: [], 4: []}"
72170191,Sterile,5,"{'Not sure': 0, 'Sterile': 4, 'Female ': 1, 'Male': 0, 'Both Female and Male': 0}",80.0,100.0,0.0,393164544,675706,19279,2022-01-28 23:03:12 UTC,PDL11215JPEG(d).png,"{0: [], 1: ['393164544', '393316097', '393602122', '393834197'], 2: ['393480636'], 3: [], 4: []}"
72170218,Sterile,5,"{'Not sure': 0, 'Sterile': 5, 'Female ': 0, 'Male': 0, 'Both Female and Male': 0}",100.0,100.0,0.0,393164560,675706,19279,2022-01-28 23:03:17 UTC,PDL116126JPEG(b).jpg,"{0: [], 1: ['393164560', '393315120', '393606125', '393825294', '393834631'], 2: [], 3: [], 4: []}"
72170182,Sterile,4,"{'Not sure': 0, 'Sterile': 4, 'Female ': 0, 'Male': 0, 'Both Female and Male': 0}",100.0,100.0,0.0,393164573,675706,19279,2022-01-28 23:03:20 UTC,MVK15083JPEG_b(1).jpg,"{0: [], 1: ['393164573', '393316332', '393604815', '393825521'], 2: [], 3: [], 4: []}"
72170263,Sterile,5,"{'Not sure': 0, 'Sterile': 5, 'Female ': 0, 'Male': 0, 'Both Female and Male': 0}",100.0,100.0,0.0,393164578,675706,19279,2022-01-28 23:03:23 UTC,PDLS0087_D466JPEG(c).jpg,"{0: [], 1: ['393164578', '393315042', '393480868', '393636994', '393825470'], 2: [], 3: [], 4: []}"
72170302,Sterile,5,"{'Not sure': 0, 'Sterile': 5, 'Female ': 0, 'Male': 0, 'Both Female and Male': 0}",100.0,100.0,0.0,393164590,675706,19279,2022-01-28 23:03:27 UTC,Shaw16641_D255JPEG(f).png,"{0: [], 1: ['393164590', '393316779', '393442742', '393479759', '393825149'], 2: [], 3: [], 4: []}"
72170156,Female ,5,"{'Not sure': 0, 'Sterile': 0, 'Female ': 5, 'Male': 0, 'Both Female and Male': 0}",100.0,100.0,0.0,393164623,675706,19279,2022-01-28 23:03:39 UTC,MVK10-5-29F_DF286JPEG_cropped_resized(i).jpg,"{0: [], 1: [], 2: ['393164623', '393317585', '393454815', '393602485', '393825366'], 3: [], 4: []}"
72170224,Male,9,"{'Not sure': 1, 'Sterile': 2, 'Female ': 1, 'Male': 5, 'Both Female and Male': 0}",55.56,33.33,11.11,393164703,675706,19279,2022-01-28 23:04:12 UTC,PDLK225_AK305241_DF046_MALEJPEG(a).jpg,"{0: ['393605352'], 1: ['393315752', '393317668'], 2: ['393480304'], 3: ['393164703', '393546467', '393688690', '393824641', '393834788'], 4: []}"
72170223,Not sure,6,"{'Not sure': 1, 'Sterile': 3, 'Female ': 0, 'Male': 1, 'Both Female and Male': 1}",16.67,50.0,16.67,393164726,675706,19279,2022-01-28 23:04:24 UTC,PDLK225_AK305241_DF046_MALEJPEG(.jpg,"{0: ['393164726'], 1: ['393316961', '393606136', '393825389'], 2: [], 3: ['393442469'], 4: ['393480730']}"
72170310,Sterile,4,"{'Not sure': 0, 'Sterile': 4, 'Female ': 0, 'Male': 0, 'Both Female and Male': 0}",100.0,100.0,0.0,393164739,675706,19279,2022-01-28 23:04:29 UTC,Shaw17619_D384JPEG(b).jpg,"{0: [], 1: ['393164739', '393258209', '393315470', '393825209'], 2: [], 3: [], 4: []}"
72170190,Sterile,9,"{'Not sure': 2, 'Sterile': 3, 'Female ': 0, 'Male': 4, 'Both Female and Male': 0}",33.33,33.33,22.22,393164753,675706,19279,2022-01-28 23:04:33 UTC,PDL11215JPEG(c).png,"{0: ['393316403', '393688293'], 1: ['393164753', '393602829', '393834345'], 2: [], 3: ['393286291', '393442858', '393480486', '393674506'], 4: []}"
72170256,Female ,7,"{'Not sure': 0, 'Sterile': 1, 'Female ': 5, 'Male': 1, 'Both Female and Male': 0}",71.43,85.71,0.0,393164833,675706,19279,2022-01-28 23:05:10 UTC,PDLS0086_D444JPEG(b).jpg,"{0: [], 1: ['393480804'], 2: ['393164833', '393317317', '393603975', '393824770', '393834829'], 3: ['393286854'], 4: []}"
72170257,Sterile,6,"{'Not sure': 1, 'Sterile': 5, 'Female ': 0, 'Male': 0, 'Both Female and Male': 0}",83.33,83.33,16.67,393164850,675706,19279,2022-01-28 23:05:18 UTC,PDLS0087_D446JPEG(a).jpg,"{0: ['393275271'], 1: ['393164850', '393315395', '393546480', '393646509', '393834151'], 2: [], 3: [], 4: []}"
72170201,Female ,7,"{'Not sure': 0, 'Sterile': 0, 'Female ': 5, 'Male': 2, 'Both Female and Male': 0}",71.43,71.43,0.0,393164891,675706,19279,2022-01-28 23:05:36 UTC,PDL11498JPEG(c).jpg,"{0: [], 1: [], 2: ['393164891', '393480320', '393546009', '393634122', '393824873'], 3: ['393316761', '393455277'], 4: []}"
72170167,Sterile,5,"{'Not sure': 0, 'Sterile': 5, 'Female ': 0, 'Male': 0, 'Both Female and Male': 0}",100.0,100.0,0.0,393165060,675706,19279,2022-01-28 23:06:47 UTC,MVK10-5-29F_DF286JPEG_cropped_resized(t).jpg,"{0: [], 1: ['393165060', '393316629', '393478223', '393688252', '393825258'], 2: [], 3: [], 4: []}"
72170280,Female ,5,"{'Not sure': 0, 'Sterile': 3, 'Female ': 1, 'Male': 1, 'Both Female and Male': 0}",20.0,80.0,0.0,393165119,675706,19279,2022-01-28 23:07:10 UTC,PDLS9996AJPEG_a.jpg,"{0: [], 1: ['393316194', '393634329', '393834476'], 2: ['393165119'], 3: ['393480895'], 4: []}"
72170202,Sterile,5,"{'Not sure': 0, 'Sterile': 5, 'Female ': 0, 'Male': 0, 'Both Female and Male': 0}",100.0,100.0,0.0,393165132,675706,19279,2022-01-28 23:07:14 UTC,PDL11594JPEG(a).jpg,"{0: [], 1: ['393165132', '393257155', '393315621', '393606108', '393825415'], 2: [], 3: [], 4: []}"
72170243,Female ,5,"{'Not sure': 0, 'Sterile': 0, 'Female ': 5, 'Male': 0, 'Both Female and Male': 0}",100.0,100.0,0.0,393165178,675706,19279,2022-01-28 23:07:37 UTC,PDLS0055_D470JPEG(a).jpg,"{0: [], 1: [], 2: ['393165178', '393315031', '393479559', '393602210', '393834092'], 3: [], 4: []}"
72170250,Female ,6,"{'Not sure': 0, 'Sterile': 0, 'Female ': 6, 'Male': 0, 'Both Female and Male': 0}",100.0,100.0,0.0,393165221,675706,19279,2022-01-28 23:07:59 UTC,PDLS0072_D466JPEG(b).jpg,"{0: [], 1: [], 2: ['393165221', '393317475', '393454782', '393480843', '393601463', '393824720'], 3: [], 4: []}"
72170143,Sterile,4,"{'Not sure': 0, 'Sterile': 4, 'Female ': 0, 'Male': 0, 'Both Female and Male': 0}",100.0,100.0,0.0,393165233,675706,19279,2022-01-28 23:08:04 UTC,MVK10-5-27_DF301JPEG_cropped_resized(c).jpg,"{0: [], 1: ['393165233', '393315070', '393601546', '393825197'], 2: [], 3: [], 4: []}"
72170296,Sterile,8,"{'Not sure': 0, 'Sterile': 7, 'Female ': 0, 'Male': 1, 'Both Female and Male': 0}",87.5,87.5,0.0,393165342,675706,19279,2022-01-28 23:08:55 UTC,PDLS99185BJPEG_b(1).jpg,"{0: [], 1: ['393165342', '393286309', '393316634', '393442813', '393479530', '393602156', '393825054'], 2: [], 3: ['393335795'], 4: []}"
72170287,Not sure,6,"{'Not sure': 1, 'Sterile': 5, 'Female ': 0, 'Male': 0, 'Both Female and Male': 0}",16.67,83.33,16.67,393165359,675706,19279,2022-01-28 23:09:01 UTC,PDLS99155AJPEG_cropped_resized(a).jpg,"{0: ['393165359'], 1: ['393257525', '393316986', '393479771', '393605238', '393825250'], 2: [], 3: [], 4: []}"
72170183,Female ,9,"{'Not sure': 1, 'Sterile': 0, 'Female ': 8, 'Male': 0, 'Both Female and Male': 0}",88.89,88.89,11.11,393165415,675706,19279,2022-01-28 23:09:21 UTC,PDL_11374JPEG(a).jpg,"{0: ['393162263'], 1: [], 2: ['393165415', '393226850', '393253924', '393315713', '393442564', '393479572', '393601634', '393825173'], 3: [], 4: []}"
72170253,Sterile,5,"{'Not sure': 0, 'Sterile': 5, 'Female ': 0, 'Male': 0, 'Both Female and Male': 0}",100.0,100.0,0.0,393165424,675706,19279,2022-01-28 23:09:26 UTC,PDLS0078FJPEG_cropped_resized(b).jpg,"{0: [], 1: ['393165424', '393315399', '393372197', '393637066', '393825351'], 2: [], 3: [], 4: []}"
72170147,Sterile,5,"{'Not sure': 0, 'Sterile': 5, 'Female ': 0, 'Male': 0, 'Both Female and Male': 0}",100.0,100.0,0.0,393165432,675706,19279,2022-01-28 23:09:29 UTC,MVK10-5-27_DF301JPEG_cropped_resized(g).jpg,"{0: [], 1: ['393165432', '393315444', '393480752', '393603092', '393825084'], 2: [], 3: [], 4: []}"
72170286,Sterile,5,"{'Not sure': 0, 'Sterile': 5, 'Female ': 0, 'Male': 0, 'Both Female and Male': 0}",100.0,100.0,0.0,393165447,675706,19279,2022-01-28 23:09:36 UTC,PDLS99108AAJPEG(c).jpg,"{0: [], 1: ['393165447', '393316679', '393480571', '393604831', '393825176'], 2: [], 3: [], 4: []}"
72170312,Sterile,7,"{'Not sure': 0, 'Sterile': 7, 'Female ': 0, 'Male': 0, 'Both Female and Male': 0}",100.0,100.0,0.0,393165457,675706,19279,2022-01-28 23:09:40 UTC,Shaw17629_D382JPEG(b).png,"{0: [], 1: ['393165457', '393226983', '393288050', '393315361', '393602489', '393824467', '393834846'], 2: [], 3: [], 4: []}"
72170295,Sterile,5,"{'Not sure': 0, 'Sterile': 5, 'Female ': 0, 'Male': 0, 'Both Female and Male': 0}",100.0,100.0,0.0,393165465,675706,19279,2022-01-28 23:09:43 UTC,PDLS99185BJPEG_b.jpg,"{0: [], 1: ['393165465', '393317638', '393480370', '393604963', '393824461'], 2: [], 3: [], 4: []}"
72170157,Sterile,8,"{'Not sure': 0, 'Sterile': 7, 'Female ': 0, 'Male': 1, 'Both Female and Male': 0}",87.5,87.5,0.0,393165472,675706,19279,2022-01-28 23:09:46 UTC,MVK10-5-29F_DF286JPEG_cropped_resized(j).jpg,"{0: [], 1: ['393162728', '393165472', '393316036', '393480698', '393545686', '393607520', '393834473'], 2: [], 3: ['393442795'], 4: []}"
72170306,Sterile,7,"{'Not sure': 1, 'Sterile': 6, 'Female ': 0, 'Male': 0, 'Both Female and Male': 0}",85.71,85.71,14.29,393165483,675706,19279,2022-01-28 23:09:49 UTC,Shaw16641_D255JPEG(j).png,"{0: ['393441753'], 1: ['393162510', '393165483', '393286866', '393314967', '393602769', '393834481'], 2: [], 3: [], 4: []}"
72170150,Female ,3,"{'Not sure': 0, 'Sterile': 0, 'Female ': 3, 'Male': 0, 'Both Female and Male': 0}",100.0,100.0,0.0,393165519,675706,19279,2022-01-28 23:10:05 UTC,MVK10-5-29F_DF286JPEG_cropped_resized(c).jpg,"{0: [], 1: [], 2: ['393165519', '393315885', '393834440'], 3: [], 4: []}"
72170229,Male,4,"{'Not sure': 0, 'Sterile': 2, 'Female ': 0, 'Male': 2, 'Both Female and Male': 0}",50.0,50.0,0.0,393165566,675706,19279,2022-01-28 23:10:25 UTC,PDLK376_DF064JPEG(b).jpg,"{0: [], 1: ['393315332', '393834161'], 2: [], 3: ['393165566', '393601771'], 4: []}"
72170292,Sterile,3,"{'Not sure': 0, 'Sterile': 3, 'Female ': 0, 'Male': 0, 'Both Female and Male': 0}",100.0,100.0,0.0,393165572,675706,19279,2022-01-28 23:10:29 UTC,PDLS99168BJPEG_cropped_resized.jpg,"{0: [], 1: ['393165572', '393315812', '393825463'], 2: [], 3: [], 4: []}"
72170146,Sterile,4,"{'Not sure': 0, 'Sterile': 4, 'Female ': 0, 'Male': 0, 'Both Female and Male': 0}",100.0,100.0,0.0,393165577,675706,19279,2022-01-28 23:10:32 UTC,MVK10-5-27_DF301JPEG_cropped_resized(f).jpg,"{0: [], 1: ['393165577', '393315064', '393603597', '393834412'], 2: [], 3: [], 4: []}"
72170220,Female ,6,"{'Not sure': 0, 'Sterile': 0, 'Female ': 6, 'Male': 0, 'Both Female and Male': 0}",100.0,100.0,0.0,393165603,675706,19279,2022-01-28 23:10:41 UTC,PDLK225_AK305241_DF046_FEMALEJPE.jpg,"{0: [], 1: [], 2: ['393165603', '393258226', '393285331', '393315504', '393607843', '393833849'], 3: [], 4: []}"
72170161,Sterile,6,"{'Not sure': 0, 'Sterile': 6, 'Female ': 0, 'Male': 0, 'Both Female and Male': 0}",100.0,100.0,0.0,393165614,675706,19279,2022-01-28 23:10:44 UTC,MVK10-5-29F_DF286JPEG_cropped_resized(n).jpg,"{0: [], 1: ['393165614', '393315768', '393479738', '393634226', '393674085', '393834506'], 2: [], 3: [], 4: []}"
72170305,Sterile,6,"{'Not sure': 2, 'Sterile': 4, 'Female ': 0, 'Male': 0, 'Both Female and Male': 0}",66.67,66.67,33.33,393165628,675706,19279,2022-01-28 23:10:50 UTC,Shaw16641_D255JPEG(i).png,"{0: ['393287091', '393635001'], 1: ['393165628', '393316638', '393688784', '393825300'], 2: [], 3: [], 4: []}"
72170240,Sterile,6,"{'Not sure': 0, 'Sterile': 6, 'Female ': 0, 'Male': 0, 'Both Female and Male': 0}",100.0,100.0,0.0,393165638,675706,19279,2022-01-28 23:10:54 UTC,PDLS003F_D450JPEG_cropped_resized(b).jpg,"{0: [], 1: ['393162049', '393165638', '393288019', '393315202', '393544473', '393824856'], 2: [], 3: [], 4: []}"
72170149,Sterile,7,"{'Not sure': 0, 'Sterile': 5, 'Female ': 0, 'Male': 2, 'Both Female and Male': 0}",71.43,71.43,0.0,393165654,675706,19279,2022-01-28 23:11:00 UTC,MVK10-5-29F_DF286JPEG_cropped_resized(b).jpg,"{0: [], 1: ['393165654', '393316027', '393372301', '393673762', '393825129'], 2: [], 3: ['393285082', '393478692'], 4: []}"
72170168,Sterile,6,"{'Not sure': 0, 'Sterile': 6, 'Female ': 0, 'Male': 0, 'Both Female and Male': 0}",100.0,100.0,0.0,393165666,675706,19279,2022-01-28 23:11:03 UTC,MVK10-5-29F_DF286JPEG_cropped_resized(u).jpg,"{0: [], 1: ['393165666', '393253459', '393287016', '393316935', '393601116', '393825550'], 2: [], 3: [], 4: []}"
72170152,Sterile,7,"{'Not sure': 0, 'Sterile': 7, 'Female ': 0, 'Male': 0, 'Both Female and Male': 0}",100.0,100.0,0.0,393165677,675706,19279,2022-01-28 23:11:06 UTC,MVK10-5-29F_DF286JPEG_cropped_resized(e).jpg,"{0: [], 1: ['393165677', '393286791', '393315800', '393442906', '393455397', '393601280', '393824533'], 2: [], 3: [], 4: []}"
72170169,Sterile,3,"{'Not sure': 0, 'Sterile': 3, 'Female ': 0, 'Male': 0, 'Both Female and Male': 0}",100.0,100.0,0.0,393165689,675706,19279,2022-01-28 23:11:11 UTC,MVK10-5-29F_DF286JPEG_cropped_resized(v).jpg,"{0: [], 1: ['393165689', '393314779', '393834041'], 2: [], 3: [], 4: []}"
72170171,Both Female and Male,5,"{'Not sure': 1, 'Sterile': 1, 'Female ': 0, 'Male': 2, 'Both Female and Male': 1}",20.0,20.0,20.0,393165794,675706,19279,2022-01-28 23:11:56 UTC,MVK6500_D344JPEG(b).jpg,"{0: ['393162654'], 1: ['393316314'], 2: [], 3: ['393607065', '393833907'], 4: ['393165794']}"
72170272,Sterile,6,"{'Not sure': 0, 'Sterile': 6, 'Female ': 0, 'Male': 0, 'Both Female and Male': 0}",100.0,100.0,0.0,393165806,675706,19279,2022-01-28 23:12:00 UTC,PDLS01116_DF223JPEG_cropped_resized(e).jpg,"{0: [], 1: ['393162805', '393165806', '393316325', '393480494', '393607996', '393825557'], 2: [], 3: [], 4: []}"
72170235,Sterile,6,"{'Not sure': 0, 'Sterile': 6, 'Female ': 0, 'Male': 0, 'Both Female and Male': 0}",100.0,100.0,0.0,393165817,675706,19279,2022-01-28 23:12:03 UTC,PDLS003F_D450_cropped_resized(a).jpg,"{0: [], 1: ['393162202', '393165817', '393316988', '393442129', '393603568', '393824843'], 2: [], 3: [], 4: []}"
72170145,Sterile,5,"{'Not sure': 1, 'Sterile': 4, 'Female ': 0, 'Male': 0, 'Both Female and Male': 0}",80.0,80.0,20.0,393165828,675706,19279,2022-01-28 23:12:07 UTC,MVK10-5-27_DF301JPEG_cropped_resized(e).jpg,"{0: ['393786761'], 1: ['393165828', '393284642', '393316303', '393834364'], 2: [], 3: [], 4: []}"
72170283,Sterile,4,"{'Not sure': 0, 'Sterile': 4, 'Female ': 0, 'Male': 0, 'Both Female and Male': 0}",100.0,100.0,0.0,393165838,675706,19279,2022-01-28 23:12:10 UTC,PDLS9996AJPEG_b(1).jpg,"{0: [], 1: ['393165838', '393315819', '393637026', '393834447'], 2: [], 3: [], 4: []}"
72170246,Male,5,"{'Not sure': 0, 'Sterile': 3, 'Female ': 1, 'Male': 1, 'Both Female and Male': 0}",20.0,80.0,0.0,393165895,675706,19279,2022-01-28 23:12:33 UTC,PDLS0063_D467JPEG(a).png,"{0: [], 1: ['393316309', '393606162', '393834276'], 2: ['393479577'], 3: ['393165895'], 4: []}"
72170214,Sterile,5,"{'Not sure': 0, 'Sterile': 4, 'Female ': 0, 'Male': 1, 'Both Female and Male': 0}",80.0,80.0,0.0,393165907,675706,19279,2022-01-28 23:12:38 UTC,PDL12009JPEG_a(1).jpg,"{0: [], 1: ['393165907', '393316320', '393606461', '393834340'], 2: [], 3: ['393478634'], 4: []}"
72170262,Male,6,"{'Not sure': 0, 'Sterile': 0, 'Female ': 0, 'Male': 6, 'Both Female and Male': 0}",100.0,0.0,0.0,393165936,675706,19279,2022-01-28 23:12:48 UTC,PDLS0087_D466JPEG(b).jpg,"{0: [], 1: [], 2: [], 3: ['393165936', '393253663', '393315084', '393479733', '393601070', '393825123'], 4: []}"
72170304,Female ,7,"{'Not sure': 1, 'Sterile': 0, 'Female ': 5, 'Male': 1, 'Both Female and Male': 0}",71.43,71.43,14.29,393165978,675706,19279,2022-01-28 23:13:01 UTC,Shaw16641_D255JPEG(h).png,"{0: ['393162314'], 1: [], 2: ['393165978', '393284766', '393315434', '393637314', '393825339'], 3: ['393408787'], 4: []}"
72170308,Sterile,6,"{'Not sure': 1, 'Sterile': 5, 'Female ': 0, 'Male': 0, 'Both Female and Male': 0}",83.33,83.33,16.67,393165991,675706,19279,2022-01-28 23:13:06 UTC,Shaw16732_D254JPEG(b).jpg,"{0: ['393442669'], 1: ['393165991', '393315730', '393480785', '393633859', '393825418'], 2: [], 3: [], 4: []}"
72170216,Sterile,4,"{'Not sure': 0, 'Sterile': 4, 'Female ': 0, 'Male': 0, 'Both Female and Male': 0}",100.0,100.0,0.0,393165998,675706,19279,2022-01-28 23:13:08 UTC,PDL12009JPEG_b(1).jpg,"{0: [], 1: ['393165998', '393316347', '393605205', '393834455'], 2: [], 3: [], 4: []}"
72170252,Sterile,4,"{'Not sure': 0, 'Sterile': 4, 'Female ': 0, 'Male': 0, 'Both Female and Male': 0}",100.0,100.0,0.0,393166009,675706,19279,2022-01-28 23:13:13 UTC,PDLS0078FJPEG_cropped_resized(a).jpg,"{0: [], 1: ['393166009', '393315786', '393601090', '393824850'], 2: [], 3: [], 4: []}"
72170228,Female ,6,"{'Not sure': 0, 'Sterile': 0, 'Female ': 5, 'Male': 0, 'Both Female and Male': 1}",83.33,83.33,0.0,393166048,675706,19279,2022-01-28 23:13:24 UTC,PDLK376_DF064JPEG(a).jpg,"{0: [], 1: [], 2: ['393166048', '393254365', '393317356', '393606101', '393825237'], 3: [], 4: ['393544351']}"
72170225,Male,5,"{'Not sure': 0, 'Sterile': 3, 'Female ': 0, 'Male': 2, 'Both Female and Male': 0}",40.0,60.0,0.0,393166073,675706,19279,2022-01-28 23:13:33 UTC,PDLK225_AK305241_DF046_MALEJPEG(c).jpg,"{0: [], 1: ['393316065', '393605229', '393824744'], 2: [], 3: ['393166073', '393258595'], 4: []}"
72170177,Female ,6,"{'Not sure': 0, 'Sterile': 2, 'Female ': 4, 'Male': 0, 'Both Female and Male': 0}",66.67,100.0,0.0,393166141,675706,19279,2022-01-28 23:13:58 UTC,MVK15032NCJPEG_b.jpg,"{0: [], 1: ['393316498', '393634251'], 2: ['393166141', '393275557', '393283802', '393825313'], 3: [], 4: []}"
72170180,Sterile,6,"{'Not sure': 0, 'Sterile': 6, 'Female ': 0, 'Male': 0, 'Both Female and Male': 0}",100.0,100.0,0.0,393166156,675706,19279,2022-01-28 23:14:04 UTC,MVK15083JPEG_a(1).jpg,"{0: [], 1: ['393166156', '393254384', '393315301', '393441848', '393601969', '393825414'], 2: [], 3: [], 4: []}"
72170221,Female ,5,"{'Not sure': 0, 'Sterile': 0, 'Female ': 5, 'Male': 0, 'Both Female and Male': 0}",100.0,100.0,0.0,393166209,675706,19279,2022-01-28 23:14:21 UTC,PDLK225_AK305241_DF046_FEMALEJPEG(b).jpg,"{0: [], 1: [], 2: ['393166209', '393315549', '393545655', '393602811', '393834393'], 3: [], 4: []}"
72170249,Female ,5,"{'Not sure': 0, 'Sterile': 1, 'Female ': 4, 'Male': 0, 'Both Female and Male': 0}",80.0,100.0,0.0,393166269,675706,19279,2022-01-28 23:14:46 UTC,PDLS0072_D466JPEG(a).jpg,"{0: [], 1: ['393252592'], 2: ['393166269', '393317431', '393786746', '393834142'], 3: [], 4: []}"
72170153,Sterile,7,"{'Not sure': 0, 'Sterile': 7, 'Female ': 0, 'Male': 0, 'Both Female and Male': 0}",100.0,100.0,0.0,393166280,675706,19279,2022-01-28 23:14:49 UTC,MVK10-5-29F_DF286JPEG_cropped_resized(f).jpg,"{0: [], 1: ['393162577', '393166280', '393288065', '393316852', '393479496', '393602075', '393834271'], 2: [], 3: [], 4: []}"
72170144,Sterile,6,"{'Not sure': 0, 'Sterile': 6, 'Female ': 0, 'Male': 0, 'Both Female and Male': 0}",100.0,100.0,0.0,393166294,675706,19279,2022-01-28 23:14:52 UTC,MVK10-5-27_DF301JPEG_cropped_resized(d).jpg,"{0: [], 1: ['393166294', '393315557', '393372267', '393479753', '393634041', '393834321'], 2: [], 3: [], 4: []}"
72170231,Sterile,7,"{'Not sure': 0, 'Sterile': 6, 'Female ': 0, 'Male': 1, 'Both Female and Male': 0}",85.71,85.71,0.0,393166301,675706,19279,2022-01-28 23:14:55 UTC,PDLS003_D450JPEG(a).jpg,"{0: [], 1: ['393166301', '393285519', '393316373', '393545958', '393603908', '393825502'], 2: [], 3: ['393252724'], 4: []}"
72170311,Male,5,"{'Not sure': 0, 'Sterile': 1, 'Female ': 2, 'Male': 2, 'Both Female and Male': 0}",40.0,60.0,0.0,393166319,675706,19279,2022-01-28 23:15:03 UTC,Shaw17629_D382JPEG(a).png,"{0: [], 1: ['393316032'], 2: ['393688539', '393825032'], 3: ['393166319', '393602069'], 4: []}"
72170185,Female ,7,"{'Not sure': 1, 'Sterile': 0, 'Female ': 6, 'Male': 0, 'Both Female and Male': 0}",85.71,85.71,14.29,393166394,675706,19279,2022-01-28 23:15:28 UTC,PDL_11374JPEG(c).jpg,"{0: ['393162838'], 1: [], 2: ['393166394', '393315197', '393367095', '393546779', '393605073', '393825448'], 3: [], 4: []}"
72170184,Female ,7,"{'Not sure': 1, 'Sterile': 4, 'Female ': 2, 'Male': 0, 'Both Female and Male': 0}",28.57,85.71,14.29,393166452,675706,19279,2022-01-28 23:15:47 UTC,PDL_11374JPEG(b).jpg,"{0: ['393442605'], 1: ['393315349', '393372263', '393636585', '393825046'], 2: ['393166452', '393252418'], 3: [], 4: []}"
72170189,Sterile,6,"{'Not sure': 0, 'Sterile': 5, 'Female ': 0, 'Male': 1, 'Both Female and Male': 0}",83.33,83.33,0.0,393166473,675706,19279,2022-01-28 23:15:57 UTC,PDL11215JPEG(b).png,"{0: [], 1: ['393166473', '393287226', '393315656', '393480217', '393834264'], 2: [], 3: ['393251852'], 4: []}"
72170172,Sterile,5,"{'Not sure': 0, 'Sterile': 5, 'Female ': 0, 'Male': 0, 'Both Female and Male': 0}",100.0,100.0,0.0,393166495,675706,19279,2022-01-28 23:16:04 UTC,MVK6500_D344JPEG(c).jpg,"{0: [], 1: ['393166495', '393315969', '393442874', '393478257', '393825042'], 2: [], 3: [], 4: []}"
72170196,Sterile,7,"{'Not sure': 0, 'Sterile': 6, 'Female ': 0, 'Male': 1, 'Both Female and Male': 0}",85.71,85.71,0.0,393166505,675706,19279,2022-01-28 23:16:07 UTC,PDL11489JPEG(b).jpg,"{0: [], 1: ['393162149', '393166505', '393315806', '393480822', '393601575', '393825159'], 2: [], 3: ['393442046'], 4: []}"
72170151,Sterile,5,"{'Not sure': 0, 'Sterile': 5, 'Female ': 0, 'Male': 0, 'Both Female and Male': 0}",100.0,100.0,0.0,393166518,675706,19279,2022-01-28 23:16:10 UTC,MVK10-5-29F_DF286JPEG_cropped_resized(d).jpg,"{0: [], 1: ['393166518', '393316114', '393442219', '393601229', '393824410'], 2: [], 3: [], 4: []}"
72170199,Sterile,4,"{'Not sure': 0, 'Sterile': 4, 'Female ': 0, 'Male': 0, 'Both Female and Male': 0}",100.0,100.0,0.0,393166527,675706,19279,2022-01-28 23:16:14 UTC,PDL11498JPEG(a).jpg,"{0: [], 1: ['393166527', '393315774', '393604956', '393825241'], 2: [], 3: [], 4: []}"
72170290,Sterile,7,"{'Not sure': 0, 'Sterile': 6, 'Female ': 1, 'Male': 0, 'Both Female and Male': 0}",85.71,100.0,0.0,393166565,675706,19279,2022-01-28 23:16:26 UTC,PDLS99155AJPEG_cropped_resized(d).jpg,"{0: [], 1: ['393162274', '393166565', '393316631', '393480793', '393603146', '393834497'], 2: ['393786706'], 3: [], 4: []}"
72170173,Sterile,6,"{'Not sure': 0, 'Sterile': 6, 'Female ': 0, 'Male': 0, 'Both Female and Male': 0}",100.0,100.0,0.0,393166581,675706,19279,2022-01-28 23:16:30 UTC,MVK6500JPEG(a).jpg,"{0: [], 1: ['393166581', '393258392', '393316057', '393479521', '393607547', '393834420'], 2: [], 3: [], 4: []}"
72170176,Both Female and Male,6,"{'Not sure': 0, 'Sterile': 2, 'Female ': 1, 'Male': 0, 'Both Female and Male': 3}",50.0,50.0,0.0,393166682,675706,19279,2022-01-28 23:17:07 UTC,MVK15032NCJPEG_a (1).jpg,"{0: [], 1: ['393316188', '393605218'], 2: ['393546607'], 3: [], 4: ['393166682', '393441963', '393833886']}"
72170236,Sterile,6,"{'Not sure': 0, 'Sterile': 6, 'Female ': 0, 'Male': 0, 'Both Female and Male': 0}",100.0,100.0,0.0,393166690,675706,19279,2022-01-28 23:17:10 UTC,PDLS003F_D450_cropped_resized(b).jpg,"{0: [], 1: ['393166690', '393179208', '393258538', '393286327', '393317339', '393825216'], 2: [], 3: [], 4: []}"
72170160,Sterile,7,"{'Not sure': 1, 'Sterile': 6, 'Female ': 0, 'Male': 0, 'Both Female and Male': 0}",85.71,85.71,14.29,393166705,675706,19279,2022-01-28 23:17:14 UTC,MVK10-5-29F_DF286JPEG_cropped_resized(m).jpg,"{0: ['393287856'], 1: ['393166705', '393253543', '393315355', '393479453', '393634147', '393825058'], 2: [], 3: [], 4: []}"
72170197,Sterile,4,"{'Not sure': 0, 'Sterile': 4, 'Female ': 0, 'Male': 0, 'Both Female and Male': 0}",100.0,100.0,0.0,393166716,675706,19279,2022-01-28 23:17:17 UTC,PDL11489JPEG(c).jpg,"{0: [], 1: ['393166716', '393287025', '393316772', '393825273'], 2: [], 3: [], 4: []}"
72170238,Sterile,10,"{'Not sure': 0, 'Sterile': 10, 'Female ': 0, 'Male': 0, 'Both Female and Male': 0}",100.0,100.0,0.0,393166723,675706,19279,2022-01-28 23:17:20 UTC,PDLS003F_D450_cropped_resized(d).jpg,"{0: [], 1: ['393166723', '393258510', '393285341', '393315651', '393478262', '393545866', '393605269', '393688564', '393834462', '393834799'], 2: [], 3: [], 4: []}"
72170170,Sterile,6,"{'Not sure': 0, 'Sterile': 6, 'Female ': 0, 'Male': 0, 'Both Female and Male': 0}",100.0,100.0,0.0,393166732,675706,19279,2022-01-28 23:17:23 UTC,MVK6500_D344JPEG(a).jpg,"{0: [], 1: ['393166732', '393284337', '393316693', '393442898', '393480651', '393825253'], 2: [], 3: [], 4: []}"
72170244,Sterile,5,"{'Not sure': 0, 'Sterile': 4, 'Female ': 0, 'Male': 1, 'Both Female and Male': 0}",80.0,80.0,0.0,393166742,675706,19279,2022-01-28 23:17:27 UTC,PDLS0055_D470JPEG(b).jpg,"{0: [], 1: ['393166742', '393315644', '393637046', '393825590'], 2: [], 3: ['393478579'], 4: []}"
